id_city,date,temperature,temperature_feels_like,condition,wind_speed,proba_precipitation
1,2025-06-02 09:00:00,5.61,4.29,couvert,1.8,0
1,2025-06-02 12:00:00,7.69,5.76,nuageux,2.96,0
1,2025-06-02 15:00:00,14.26,12.84,ciel dégagé,4.43,0
1,2025-06-02 18:00:00,18.21,16.87,ciel dégagé,4.36,0
1,2025-06-02 21:00:00,18.36,16.98,ciel dégagé,3.88,0
1,2025-06-03 00:00:00,12.41,11.17,ciel dégagé,0.73,0
1,2025-06-03 03:00:00,8.43,8.0,couvert,1.38,0
1,2025-06-03 06:00:00,6.49,5.75,nuageux,1.42,0
1,2025-06-03 09:00:00,7.57,6.85,couvert,1.52,0
1,2025-06-03 12:00:00,11.79,10.72,couvert,1.61,0
1,2025-06-03 15:00:00,19.03,18.35,partiellement nuageux,4.39,0
1,2025-06-03 18:00:00,24.57,24.26,nuageux,5.49,0
1,2025-06-03 21:00:00,25.39,25.21,peu nuageux,5.13,0
1,2025-06-04 00:00:00,20.67,20.54,partiellement nuageux,4.8,0
1,2025-06-04 03:00:00,16.79,16.48,partiellement nuageux,3.75,0
1,2025-06-04 06:00:00,12.92,12.54,nuageux,2.86,0
1,2025-06-04 09:00:00,11.97,11.76,nuageux,2.2,0
1,2025-06-04 12:00:00,18.17,18.0,nuageux,4.52,0
1,2025-06-04 15:00:00,24.92,24.88,partiellement nuageux,6.3,0
1,2025-06-04 18:00:00,26.13,26.13,nuageux,5.2,0
1,2025-06-04 21:00:00,24.07,24.62,légère pluie,4.16,100
1,2025-06-05 00:00:00,19.37,19.92,légère pluie,1.85,100
1,2025-06-05 03:00:00,17.13,17.48,légère pluie,0.92,100
1,2025-06-05 06:00:00,16.62,16.92,légère pluie,1.47,100
1,2025-06-05 09:00:00,14.52,14.61,couvert,1.32,0
1,2025-06-05 12:00:00,15.45,15.56,légère pluie,1.16,20
1,2025-06-05 15:00:00,21.05,20.91,légère pluie,1.9,20
1,2025-06-05 18:00:00,23.38,22.95,légère pluie,2.42,20
1,2025-06-05 21:00:00,24.17,23.5,nuageux,3.29,0
1,2025-06-06 00:00:00,18.76,18.39,partiellement nuageux,0.97,0
1,2025-06-06 03:00:00,14.25,13.69,partiellement nuageux,1.41,0
1,2025-06-06 06:00:00,12.26,11.71,partiellement nuageux,0.79,0
1,2025-06-06 09:00:00,10.9,10.37,peu nuageux,0.34,0
1,2025-06-06 12:00:00,16.26,15.74,nuageux,0.14,0
1,2025-06-06 15:00:00,22.91,22.46,couvert,0.86,0
1,2025-06-06 18:00:00,24.38,23.74,couvert,2.87,0
1,2025-06-06 21:00:00,23.51,22.93,couvert,2.74,0
1,2025-06-07 00:00:00,17.06,16.7,couvert,1.42,0
1,2025-06-07 03:00:00,16.21,15.69,couvert,1.26,0
1,2025-06-07 06:00:00,14.67,14.33,couvert,1.3,0
2,2025-06-02 09:00:00,12.58,12.27,partiellement nuageux,3.69,0
2,2025-06-02 12:00:00,14.42,13.88,nuageux,3.2,0
2,2025-06-02 15:00:00,16.17,15.46,couvert,3.55,0
2,2025-06-02 18:00:00,15.23,14.53,nuageux,3.78,0
2,2025-06-02 21:00:00,12.35,11.73,peu nuageux,2.0,0
2,2025-06-03 00:00:00,11.48,10.77,peu nuageux,1.81,0
2,2025-06-03 03:00:00,10.35,9.66,couvert,3.82,0
2,2025-06-03 06:00:00,11.4,10.63,couvert,5.42,0
2,2025-06-03 09:00:00,16.35,15.63,partiellement nuageux,6.95,0
2,2025-06-03 12:00:00,17.49,17.12,partiellement nuageux,7.06,0
2,2025-06-03 15:00:00,17.15,16.83,légère pluie,8.06,20
2,2025-06-03 18:00:00,14.82,14.68,légère pluie,5.19,97
2,2025-06-03 21:00:00,13.33,13.02,légère pluie,3.23,100
2,2025-06-04 00:00:00,12.95,12.52,couvert,4.25,80
2,2025-06-04 03:00:00,10.78,10.13,partiellement nuageux,4.55,0
2,2025-06-04 06:00:00,11.29,10.62,partiellement nuageux,4.41,0
2,2025-06-04 09:00:00,15.32,14.55,peu nuageux,5.41,0
2,2025-06-04 12:00:00,15.29,14.55,nuageux,6.69,0
2,2025-06-04 15:00:00,16.48,15.91,légère pluie,6.05,20
2,2025-06-04 18:00:00,16.02,15.61,légère pluie,7.11,87
2,2025-06-04 21:00:00,14.49,14.14,couvert,7.67,0
2,2025-06-05 00:00:00,12.93,12.6,couvert,7.27,0
2,2025-06-05 03:00:00,12.11,11.75,nuageux,6.64,0
2,2025-06-05 06:00:00,13.02,12.68,nuageux,6.99,0
2,2025-06-05 09:00:00,16.73,16.18,nuageux,6.75,0
2,2025-06-05 12:00:00,17.82,17.43,légère pluie,6.17,20
2,2025-06-05 15:00:00,19.4,19.04,couvert,5.91,0
2,2025-06-05 18:00:00,17.34,17.24,légère pluie,8.16,20
2,2025-06-05 21:00:00,16.84,16.83,couvert,10.07,0
2,2025-06-06 00:00:00,16.7,16.49,couvert,10.39,0
2,2025-06-06 03:00:00,14.8,14.61,légère pluie,6.52,100
2,2025-06-06 06:00:00,13.58,13.27,couvert,5.78,80
2,2025-06-06 09:00:00,14.64,14.35,légère pluie,6.57,20
2,2025-06-06 12:00:00,17.54,16.99,légère pluie,5.07,20
2,2025-06-06 15:00:00,16.22,15.78,couvert,3.84,0
2,2025-06-06 18:00:00,16.12,15.69,couvert,2.24,0
2,2025-06-06 21:00:00,14.07,13.52,légère pluie,6.39,20
2,2025-06-07 00:00:00,12.58,12.24,nuageux,7.19,0
2,2025-06-07 03:00:00,12.67,12.39,partiellement nuageux,7.85,0
2,2025-06-07 06:00:00,14.87,14.53,nuageux,10.3,0
3,2025-06-02 09:00:00,14.61,14.4,partiellement nuageux,4.07,0
3,2025-06-02 12:00:00,16.59,16.08,peu nuageux,3.51,0
3,2025-06-02 15:00:00,18.44,17.85,nuageux,3.91,0
3,2025-06-02 18:00:00,14.92,14.14,partiellement nuageux,2.25,0
3,2025-06-02 21:00:00,9.44,8.7,ciel dégagé,1.82,0
3,2025-06-03 00:00:00,8.89,7.34,ciel dégagé,2.75,0
3,2025-06-03 03:00:00,8.96,6.95,nuageux,3.56,0
3,2025-06-03 06:00:00,11.03,10.2,couvert,4.56,0
3,2025-06-03 09:00:00,16.69,15.77,nuageux,7.56,0
3,2025-06-03 12:00:00,19.6,19.0,partiellement nuageux,8.18,0
3,2025-06-03 15:00:00,15.18,14.87,légère pluie,5.15,42
3,2025-06-03 18:00:00,15.59,15.48,légère pluie,6.39,65
3,2025-06-03 21:00:00,12.42,12.25,légère pluie,3.72,100
3,2025-06-04 00:00:00,11.24,10.9,légère pluie,3.22,86
3,2025-06-04 03:00:00,9.52,7.7,couvert,3.42,0
3,2025-06-04 06:00:00,10.56,10.1,nuageux,4.15,0
3,2025-06-04 09:00:00,15.7,14.94,ciel dégagé,5.85,0
3,2025-06-04 12:00:00,16.18,15.29,partiellement nuageux,6.71,0
3,2025-06-04 15:00:00,15.81,15.04,couvert,6.02,0
3,2025-06-04 18:00:00,15.89,15.31,couvert,5.03,0
3,2025-06-04 21:00:00,13.66,13.2,couvert,5.94,0
3,2025-06-05 00:00:00,12.8,12.46,légère pluie,7.07,20
3,2025-06-05 03:00:00,12.05,11.66,couvert,6.61,0
3,2025-06-05 06:00:00,13.17,12.76,couvert,6.91,0
3,2025-06-05 09:00:00,16.45,15.93,couvert,7.77,3
3,2025-06-05 12:00:00,18.6,17.95,couvert,7.03,0
3,2025-06-05 15:00:00,18.35,18.2,légère pluie,6.93,81
3,2025-06-05 18:00:00,15.64,15.69,légère pluie,6.32,87
3,2025-06-05 21:00:00,15.61,15.58,couvert,8.7,0
3,2025-06-06 00:00:00,16.52,16.34,couvert,10.0,0
3,2025-06-06 03:00:00,13.54,13.35,légère pluie,8.14,100
3,2025-06-06 06:00:00,12.97,12.67,couvert,6.15,80
3,2025-06-06 09:00:00,15.59,15.03,couvert,8.1,0
3,2025-06-06 12:00:00,18.84,18.19,légère pluie,8.49,20
3,2025-06-06 15:00:00,17.57,16.92,couvert,6.88,0
3,2025-06-06 18:00:00,15.94,15.31,couvert,4.61,0
3,2025-06-06 21:00:00,11.96,11.35,couvert,3.61,0
3,2025-06-07 00:00:00,11.48,10.96,couvert,6.3,0
3,2025-06-07 03:00:00,11.62,11.19,partiellement nuageux,7.18,0
3,2025-06-07 06:00:00,14.35,13.88,nuageux,8.53,0
4,2025-06-02 09:00:00,13.8,13.56,nuageux,4.37,0
4,2025-06-02 12:00:00,14.22,13.84,partiellement nuageux,4.04,0
4,2025-06-02 15:00:00,14.67,13.94,nuageux,2.77,0
4,2025-06-02 18:00:00,14.52,13.62,nuageux,2.57,0
4,2025-06-02 21:00:00,13.18,12.33,ciel dégagé,0.35,0
4,2025-06-03 00:00:00,12.26,11.34,ciel dégagé,3.24,0
4,2025-06-03 03:00:00,11.6,10.75,partiellement nuageux,3.55,0
4,2025-06-03 06:00:00,12.82,12.17,nuageux,5.51,0
4,2025-06-03 09:00:00,15.3,14.53,nuageux,6.51,0
4,2025-06-03 12:00:00,17.15,16.51,partiellement nuageux,5.2,0
4,2025-06-03 15:00:00,14.94,14.76,nuageux,8.67,0
4,2025-06-03 18:00:00,15.41,15.25,légère pluie,3.46,20
4,2025-06-03 21:00:00,14.39,14.39,légère pluie,4.96,100
4,2025-06-04 00:00:00,12.97,12.67,légère pluie,4.98,100
4,2025-06-04 03:00:00,13.05,12.58,légère pluie,4.57,37
4,2025-06-04 06:00:00,12.91,12.37,nuageux,5.66,0
4,2025-06-04 09:00:00,14.22,13.55,peu nuageux,6.01,0
4,2025-06-04 12:00:00,15.56,14.89,peu nuageux,3.95,0
4,2025-06-04 15:00:00,15.75,15.16,couvert,4.99,0
4,2025-06-04 18:00:00,15.3,14.71,couvert,4.42,0
4,2025-06-04 21:00:00,14.81,14.44,couvert,6.73,0
4,2025-06-05 00:00:00,14.68,14.32,légère pluie,9.41,23
4,2025-06-05 03:00:00,13.53,13.21,légère pluie,9.01,67
4,2025-06-05 06:00:00,14.12,13.7,légère pluie,9.04,45
4,2025-06-05 09:00:00,15.4,14.98,légère pluie,7.39,38
4,2025-06-05 12:00:00,16.61,16.18,légère pluie,5.53,37
4,2025-06-05 15:00:00,16.63,16.28,légère pluie,2.66,33
4,2025-06-05 18:00:00,16.1,16.01,légère pluie,1.5,94
4,2025-06-05 21:00:00,16.59,16.63,légère pluie,8.5,100
4,2025-06-06 00:00:00,16.42,16.36,couvert,10.86,80
4,2025-06-06 03:00:00,16.26,16.11,légère pluie,11.08,66
4,2025-06-06 06:00:00,13.93,13.62,légère pluie,7.04,100
4,2025-06-06 09:00:00,14.92,14.61,couvert,6.96,0
4,2025-06-06 12:00:00,16.12,15.67,légère pluie,6.08,20
4,2025-06-06 15:00:00,16.55,16.06,légère pluie,5.9,20
4,2025-06-06 18:00:00,15.98,15.51,nuageux,4.82,0
4,2025-06-06 21:00:00,15.09,14.64,couvert,4.49,0
4,2025-06-07 00:00:00,13.69,13.31,couvert,6.73,0
4,2025-06-07 03:00:00,12.96,12.58,nuageux,8.86,0
4,2025-06-07 06:00:00,14.14,13.75,nuageux,10.02,0
5,2025-06-02 09:00:00,14.38,14.01,couvert,3.67,0
5,2025-06-02 12:00:00,16.18,15.6,légère pluie,3.16,20
5,2025-06-02 15:00:00,18.33,17.47,couvert,4.26,0
5,2025-06-02 18:00:00,16.84,16.02,couvert,3.13,0
5,2025-06-02 21:00:00,10.54,9.66,peu nuageux,1.57,0
5,2025-06-03 00:00:00,9.64,9.02,ciel dégagé,1.72,0
5,2025-06-03 03:00:00,9.2,8.01,ciel dégagé,2.32,0
5,2025-06-03 06:00:00,12.77,12.14,partiellement nuageux,2.79,0
5,2025-06-03 09:00:00,18.28,17.68,couvert,6.29,0
5,2025-06-03 12:00:00,21.45,20.56,nuageux,6.88,0
5,2025-06-03 15:00:00,22.0,21.35,peu nuageux,6.57,0
5,2025-06-03 18:00:00,15.94,15.63,nuageux,3.75,0
5,2025-06-03 21:00:00,14.51,14.31,légère pluie,2.26,20
5,2025-06-04 00:00:00,12.94,12.82,légère pluie,3.78,27
5,2025-06-04 03:00:00,12.27,12.03,légère pluie,1.65,20
5,2025-06-04 06:00:00,13.04,12.7,couvert,3.67,5
5,2025-06-04 09:00:00,16.72,15.91,partiellement nuageux,5.43,0
5,2025-06-04 12:00:00,19.63,18.82,peu nuageux,5.6,0
5,2025-06-04 15:00:00,16.73,15.92,couvert,4.88,0
5,2025-06-04 18:00:00,15.53,14.78,couvert,4.63,0
5,2025-06-04 21:00:00,12.47,11.78,couvert,3.57,0
5,2025-06-05 00:00:00,14.41,13.81,couvert,5.89,0
5,2025-06-05 03:00:00,13.14,12.7,couvert,5.74,0
5,2025-06-05 06:00:00,13.38,12.86,couvert,6.32,0
5,2025-06-05 09:00:00,16.93,16.27,couvert,6.87,0
5,2025-06-05 12:00:00,20.07,19.44,légère pluie,7.41,20
5,2025-06-05 15:00:00,19.16,18.85,légère pluie,6.42,26
5,2025-06-05 18:00:00,17.65,17.64,légère pluie,2.43,97
5,2025-06-05 21:00:00,17.05,17.08,légère pluie,7.55,88
5,2025-06-06 00:00:00,16.38,16.29,couvert,7.6,17
5,2025-06-06 03:00:00,17.06,16.88,couvert,8.44,0
5,2025-06-06 06:00:00,14.31,14.25,légère pluie,5.32,91
5,2025-06-06 09:00:00,12.63,12.46,légère pluie,4.1,100
5,2025-06-06 12:00:00,14.75,14.58,légère pluie,5.75,100
5,2025-06-06 15:00:00,17.98,17.56,légère pluie,5.57,82
5,2025-06-06 18:00:00,17.7,17.38,légère pluie,3.82,54
5,2025-06-06 21:00:00,13.87,13.38,légère pluie,1.72,21
5,2025-06-07 00:00:00,12.08,11.69,couvert,3.16,0
5,2025-06-07 03:00:00,10.57,10.16,nuageux,4.59,0
5,2025-06-07 06:00:00,12.94,12.61,nuageux,6.05,0
6,2025-06-02 09:00:00,15.71,15.09,nuageux,3.17,0
6,2025-06-02 12:00:00,18.61,17.78,partiellement nuageux,3.89,0
6,2025-06-02 15:00:00,22.48,21.65,ciel dégagé,3.29,0
6,2025-06-02 18:00:00,20.7,19.9,ciel dégagé,3.14,0
6,2025-06-02 21:00:00,18.01,17.33,nuageux,1.47,0
6,2025-06-03 00:00:00,15.69,15.04,nuageux,1.7,0
6,2025-06-03 03:00:00,14.01,13.42,ciel dégagé,1.32,0
6,2025-06-03 06:00:00,16.09,15.32,ciel dégagé,2.47,0
6,2025-06-03 09:00:00,21.36,20.75,nuageux,4.14,0
6,2025-06-03 12:00:00,23.94,23.36,couvert,5.22,0
6,2025-06-03 15:00:00,24.41,23.56,partiellement nuageux,5.33,0
6,2025-06-03 18:00:00,22.61,21.84,peu nuageux,4.02,0
6,2025-06-03 21:00:00,17.65,17.14,ciel dégagé,1.58,0
6,2025-06-04 00:00:00,16.44,15.97,peu nuageux,1.42,0
6,2025-06-04 03:00:00,14.85,14.37,partiellement nuageux,2.7,0
6,2025-06-04 06:00:00,14.72,14.28,nuageux,4.02,0
6,2025-06-04 09:00:00,18.0,17.53,couvert,4.27,0
6,2025-06-04 12:00:00,20.02,19.59,légère pluie,4.39,25
6,2025-06-04 15:00:00,22.4,21.61,légère pluie,5.41,34
6,2025-06-04 18:00:00,19.51,18.77,couvert,3.97,0
6,2025-06-04 21:00:00,16.68,15.89,couvert,3.24,0
6,2025-06-05 00:00:00,14.94,14.24,couvert,4.2,0
6,2025-06-05 03:00:00,13.95,13.41,couvert,4.71,0
6,2025-06-05 06:00:00,14.94,14.42,couvert,4.8,0
6,2025-06-05 09:00:00,18.89,18.11,partiellement nuageux,5.66,0
6,2025-06-05 12:00:00,19.48,18.84,nuageux,5.28,0
6,2025-06-05 15:00:00,20.52,19.91,couvert,4.71,0
6,2025-06-05 18:00:00,21.09,20.59,couvert,4.91,0
6,2025-06-05 21:00:00,18.83,18.54,couvert,5.85,0
6,2025-06-06 00:00:00,17.17,17.01,nuageux,5.74,0
6,2025-06-06 03:00:00,16.81,16.66,couvert,5.66,0
6,2025-06-06 06:00:00,17.48,17.29,couvert,6.09,0
6,2025-06-06 09:00:00,19.45,19.12,couvert,6.6,0
6,2025-06-06 12:00:00,13.57,13.33,légère pluie,4.09,96
6,2025-06-06 15:00:00,15.78,15.66,légère pluie,4.5,100
6,2025-06-06 18:00:00,17.01,16.75,couvert,4.19,80
6,2025-06-06 21:00:00,14.97,14.85,nuageux,3.48,0
6,2025-06-07 00:00:00,14.51,14.37,partiellement nuageux,3.66,0
6,2025-06-07 03:00:00,13.16,12.78,peu nuageux,3.83,0
6,2025-06-07 06:00:00,14.23,13.85,peu nuageux,4.76,0
7,2025-06-02 09:00:00,12.63,12.09,partiellement nuageux,4.59,0
7,2025-06-02 12:00:00,16.54,15.89,légère pluie,5.7,20
7,2025-06-02 15:00:00,19.44,18.8,couvert,4.23,0
7,2025-06-02 18:00:00,15.66,15.0,nuageux,3.76,0
7,2025-06-02 21:00:00,10.14,9.27,ciel dégagé,1.42,0
7,2025-06-03 00:00:00,9.83,9.4,ciel dégagé,1.55,0
7,2025-06-03 03:00:00,9.07,7.43,peu nuageux,2.95,0
7,2025-06-03 06:00:00,13.18,12.64,partiellement nuageux,4.12,0
7,2025-06-03 09:00:00,18.59,18.1,couvert,6.53,0
7,2025-06-03 12:00:00,21.35,20.77,nuageux,7.31,0
7,2025-06-03 15:00:00,21.4,20.61,ciel dégagé,6.65,0
7,2025-06-03 18:00:00,16.6,16.3,peu nuageux,5.47,0
7,2025-06-03 21:00:00,13.94,13.66,légère pluie,1.73,20
7,2025-06-04 00:00:00,13.84,13.63,légère pluie,2.57,20
7,2025-06-04 03:00:00,13.14,12.99,légère pluie,3.84,21
7,2025-06-04 06:00:00,12.44,12.17,légère pluie,2.55,31
7,2025-06-04 09:00:00,16.47,15.92,légère pluie,5.95,32
7,2025-06-04 12:00:00,19.42,18.62,nuageux,6.21,10
7,2025-06-04 15:00:00,16.91,16.2,nuageux,4.74,0
7,2025-06-04 18:00:00,15.29,14.65,couvert,3.54,0
7,2025-06-04 21:00:00,12.79,12.03,couvert,3.06,0
7,2025-06-05 00:00:00,12.44,11.75,couvert,4.4,0
7,2025-06-05 03:00:00,12.66,12.15,légère pluie,5.92,26
7,2025-06-05 06:00:00,13.63,13.22,couvert,6.4,0
7,2025-06-05 09:00:00,15.04,14.45,couvert,7.47,0
7,2025-06-05 12:00:00,18.74,18.18,légère pluie,8.03,20
7,2025-06-05 15:00:00,19.67,19.21,légère pluie,6.99,73
7,2025-06-05 18:00:00,16.67,16.56,légère pluie,5.13,100
7,2025-06-05 21:00:00,15.47,15.47,légère pluie,5.96,100
7,2025-06-06 00:00:00,15.56,15.57,couvert,7.98,44
7,2025-06-06 03:00:00,15.93,15.88,couvert,8.77,0
7,2025-06-06 06:00:00,16.43,16.32,légère pluie,8.21,20
7,2025-06-06 09:00:00,12.36,12.05,légère pluie,6.2,100
7,2025-06-06 12:00:00,13.03,12.87,légère pluie,4.62,100
7,2025-06-06 15:00:00,17.29,17.01,légère pluie,6.79,100
7,2025-06-06 18:00:00,17.24,16.93,légère pluie,3.81,100
7,2025-06-06 21:00:00,12.5,12.05,couvert,2.01,0
7,2025-06-07 00:00:00,11.55,11.14,couvert,2.76,0
7,2025-06-07 03:00:00,10.79,10.38,nuageux,5.33,0
7,2025-06-07 06:00:00,12.58,12.19,nuageux,6.36,0
8,2025-06-02 09:00:00,14.21,13.57,légère pluie,4.54,99
8,2025-06-02 12:00:00,16.82,16.15,légère pluie,3.72,100
8,2025-06-02 15:00:00,18.9,18.18,couvert,2.51,0
8,2025-06-02 18:00:00,12.26,10.85,couvert,2.36,0
8,2025-06-02 21:00:00,11.66,10.58,ciel dégagé,2.35,0
8,2025-06-03 00:00:00,9.88,8.94,ciel dégagé,2.14,0
8,2025-06-03 03:00:00,9.74,8.35,peu nuageux,2.76,0
8,2025-06-03 06:00:00,12.79,12.03,partiellement nuageux,3.85,0
8,2025-06-03 09:00:00,19.24,18.66,couvert,6.52,0
8,2025-06-03 12:00:00,22.11,21.42,nuageux,7.82,0
8,2025-06-03 15:00:00,21.35,20.45,ciel dégagé,7.63,0
8,2025-06-03 18:00:00,16.58,16.07,partiellement nuageux,5.45,0
8,2025-06-03 21:00:00,14.33,14.01,couvert,3.75,0
8,2025-06-04 00:00:00,13.93,13.75,légère pluie,3.25,26
8,2025-06-04 03:00:00,13.64,13.54,légère pluie,3.11,100
8,2025-06-04 06:00:00,12.24,11.87,légère pluie,3.81,100
8,2025-06-04 09:00:00,16.82,16.1,partiellement nuageux,5.78,0
8,2025-06-04 12:00:00,19.71,18.81,partiellement nuageux,6.2,0
8,2025-06-04 15:00:00,18.94,18.01,partiellement nuageux,7.48,0
8,2025-06-04 18:00:00,16.39,15.55,nuageux,5.19,0
8,2025-06-04 21:00:00,14.37,13.51,couvert,4.32,0
8,2025-06-05 00:00:00,13.1,12.32,couvert,4.15,0
8,2025-06-05 03:00:00,11.85,11.49,légère pluie,5.48,100
8,2025-06-05 06:00:00,13.22,12.87,légère pluie,6.17,100
8,2025-06-05 09:00:00,17.1,16.48,légère pluie,7.52,28
8,2025-06-05 12:00:00,17.0,16.51,légère pluie,7.07,100
8,2025-06-05 15:00:00,19.09,18.44,légère pluie,7.45,35
8,2025-06-05 18:00:00,17.55,17.03,couvert,3.32,0
8,2025-06-05 21:00:00,14.6,14.54,légère pluie,3.2,100
8,2025-06-06 00:00:00,15.85,15.81,légère pluie,7.53,100
8,2025-06-06 03:00:00,15.92,15.87,couvert,8.01,0
8,2025-06-06 06:00:00,16.52,16.37,légère pluie,8.48,20
8,2025-06-06 09:00:00,15.76,15.22,légère pluie,6.7,39
8,2025-06-06 12:00:00,16.95,16.35,légère pluie,6.79,34
8,2025-06-06 15:00:00,18.42,17.86,légère pluie,7.67,73
8,2025-06-06 18:00:00,17.7,17.01,nuageux,5.82,45
8,2025-06-06 21:00:00,13.77,13.0,nuageux,3.53,0
8,2025-06-07 00:00:00,15.18,14.45,couvert,3.64,0
8,2025-06-07 03:00:00,13.75,13.11,couvert,3.8,0
8,2025-06-07 06:00:00,13.38,12.78,légère pluie,5.92,20
9,2025-06-02 09:00:00,18.79,19.1,légère pluie,1.8,100
9,2025-06-02 12:00:00,20.92,21.21,pluie modérée,2.5,100
9,2025-06-02 15:00:00,21.6,21.98,légère pluie,3.08,100
9,2025-06-02 18:00:00,19.25,19.48,légère pluie,2.17,100
9,2025-06-02 21:00:00,15.32,15.18,couvert,1.46,1
9,2025-06-03 00:00:00,14.09,13.93,couvert,0.92,0
9,2025-06-03 03:00:00,13.73,13.56,couvert,0.53,0
9,2025-06-03 06:00:00,14.9,14.8,couvert,0.75,0
9,2025-06-03 09:00:00,19.42,19.35,couvert,2.38,0
9,2025-06-03 12:00:00,22.84,22.85,légère pluie,4.4,27
9,2025-06-03 15:00:00,19.54,19.74,légère pluie,3.3,100
9,2025-06-03 18:00:00,19.16,19.46,légère pluie,2.89,100
9,2025-06-03 21:00:00,15.54,15.63,légère pluie,3.18,100
9,2025-06-04 00:00:00,14.83,14.85,nuageux,2.62,80
9,2025-06-04 03:00:00,13.9,13.88,nuageux,2.94,0
9,2025-06-04 06:00:00,15.7,15.78,nuageux,3.91,0
9,2025-06-04 09:00:00,15.87,16.02,légère pluie,2.44,100
9,2025-06-04 12:00:00,17.05,17.24,légère pluie,1.1,100
9,2025-06-04 15:00:00,16.19,16.32,légère pluie,2.32,100
9,2025-06-04 18:00:00,15.94,15.99,légère pluie,0.4,100
9,2025-06-04 21:00:00,13.77,13.68,légère pluie,2.29,55
9,2025-06-05 00:00:00,13.43,13.34,légère pluie,3.51,42
9,2025-06-05 03:00:00,12.73,12.59,légère pluie,2.99,100
9,2025-06-05 06:00:00,13.55,13.42,légère pluie,4.06,100
9,2025-06-05 09:00:00,18.04,17.54,légère pluie,5.46,34
9,2025-06-05 12:00:00,18.81,18.47,légère pluie,5.47,70
9,2025-06-05 15:00:00,21.38,21.04,légère pluie,5.3,27
9,2025-06-05 18:00:00,18.3,18.04,nuageux,2.68,9
9,2025-06-05 21:00:00,14.42,14.01,partiellement nuageux,2.34,0
9,2025-06-06 00:00:00,12.77,12.3,partiellement nuageux,3.48,0
9,2025-06-06 03:00:00,12.13,11.54,peu nuageux,3.69,0
9,2025-06-06 06:00:00,15.31,14.93,peu nuageux,4.26,0
9,2025-06-06 09:00:00,20.07,19.88,nuageux,5.22,0
9,2025-06-06 12:00:00,24.91,24.76,couvert,5.1,0
9,2025-06-06 15:00:00,25.23,25.19,couvert,4.91,0
9,2025-06-06 18:00:00,21.15,21.15,légère pluie,4.05,30
9,2025-06-06 21:00:00,15.86,16.01,légère pluie,2.91,100
9,2025-06-07 00:00:00,15.03,15.12,nuageux,3.6,80
9,2025-06-07 03:00:00,14.55,14.59,peu nuageux,3.51,0
9,2025-06-07 06:00:00,16.96,17.09,peu nuageux,4.19,0
10,2025-06-02 09:00:00,15.02,15.06,légère pluie,1.42,100
10,2025-06-02 12:00:00,17.39,17.38,légère pluie,2.32,100
10,2025-06-02 15:00:00,18.83,18.96,légère pluie,1.83,100
10,2025-06-02 18:00:00,16.06,16.05,légère pluie,1.2,100
10,2025-06-02 21:00:00,12.27,11.95,légère pluie,1.28,33
10,2025-06-03 00:00:00,11.26,10.84,couvert,1.37,1
10,2025-06-03 03:00:00,10.16,9.63,nuageux,1.11,0
10,2025-06-03 06:00:00,12.87,12.54,nuageux,0.69,0
10,2025-06-03 09:00:00,18.19,17.81,couvert,1.95,0
10,2025-06-03 12:00:00,18.47,18.46,légère pluie,2.3,100
10,2025-06-03 15:00:00,17.17,17.21,légère pluie,2.53,100
10,2025-06-03 18:00:00,16.93,16.85,couvert,2.05,80
10,2025-06-03 21:00:00,12.22,11.98,légère pluie,2.06,27
10,2025-06-04 00:00:00,11.92,11.65,légère pluie,1.56,20
10,2025-06-04 03:00:00,11.54,11.23,nuageux,1.45,0
10,2025-06-04 06:00:00,13.05,12.94,légère pluie,1.54,47
10,2025-06-04 09:00:00,15.18,15.18,légère pluie,1.25,100
10,2025-06-04 12:00:00,17.04,16.94,légère pluie,0.87,100
10,2025-06-04 15:00:00,14.23,14.14,pluie modérée,1.33,100
10,2025-06-04 18:00:00,13.85,13.69,légère pluie,2.33,100
10,2025-06-04 21:00:00,10.46,10.02,couvert,1.69,0
10,2025-06-05 00:00:00,9.09,8.19,couvert,1.93,0
10,2025-06-05 03:00:00,10.35,10.0,légère pluie,2.15,100
10,2025-06-05 06:00:00,11.36,10.95,légère pluie,2.01,100
10,2025-06-05 09:00:00,16.33,15.43,nuageux,4.36,0
10,2025-06-05 12:00:00,17.54,16.76,nuageux,5.95,1
10,2025-06-05 15:00:00,18.72,17.87,partiellement nuageux,5.57,0
10,2025-06-05 18:00:00,16.19,15.61,nuageux,2.47,0
10,2025-06-05 21:00:00,11.69,10.93,couvert,1.81,0
10,2025-06-06 00:00:00,10.6,9.67,nuageux,2.0,0
10,2025-06-06 03:00:00,10.57,9.67,peu nuageux,2.14,0
10,2025-06-06 06:00:00,14.9,14.25,partiellement nuageux,2.41,0
10,2025-06-06 09:00:00,19.59,19.04,couvert,4.05,0
10,2025-06-06 12:00:00,22.7,22.15,couvert,4.89,0
10,2025-06-06 15:00:00,22.13,21.73,couvert,4.75,0
10,2025-06-06 18:00:00,17.98,17.82,légère pluie,5.09,33
10,2025-06-06 21:00:00,12.72,12.55,légère pluie,2.6,100
10,2025-06-07 00:00:00,12.08,11.85,légère pluie,1.98,100
10,2025-06-07 03:00:00,11.96,11.72,ciel dégagé,1.97,3
10,2025-06-07 06:00:00,15.06,15.05,peu nuageux,1.58,1
11,2025-06-02 09:00:00,17.84,18.13,légère pluie,0.98,100
11,2025-06-02 12:00:00,19.95,20.19,légère pluie,1.16,100
11,2025-06-02 15:00:00,21.53,21.75,légère pluie,0.57,99
11,2025-06-02 18:00:00,18.64,18.83,légère pluie,0.76,96
11,2025-06-02 21:00:00,15.14,15.14,légère pluie,0.84,87
11,2025-06-03 00:00:00,14.99,14.97,couvert,0.74,20
11,2025-06-03 03:00:00,13.25,13.11,nuageux,0.98,0
11,2025-06-03 06:00:00,15.65,15.65,couvert,0.7,0
11,2025-06-03 09:00:00,20.41,20.33,couvert,2.28,0
11,2025-06-03 12:00:00,21.25,21.49,légère pluie,3.19,91
11,2025-06-03 15:00:00,20.88,20.93,légère pluie,2.92,82
11,2025-06-03 18:00:00,19.17,19.26,couvert,3.05,63
11,2025-06-03 21:00:00,14.85,14.85,couvert,2.11,0
11,2025-06-04 00:00:00,14.3,14.29,légère pluie,1.61,20
11,2025-06-04 03:00:00,14.41,14.36,couvert,1.97,0
11,2025-06-04 06:00:00,15.26,15.4,légère pluie,2.0,100
11,2025-06-04 09:00:00,18.42,18.67,légère pluie,1.81,71
11,2025-06-04 12:00:00,21.08,21.2,légère pluie,0.67,100
11,2025-06-04 15:00:00,19.62,19.62,légère pluie,0.68,100
11,2025-06-04 18:00:00,16.15,16.22,légère pluie,3.06,100
11,2025-06-04 21:00:00,13.36,13.18,couvert,1.68,0
11,2025-06-05 00:00:00,11.88,11.53,couvert,2.1,0
11,2025-06-05 03:00:00,12.63,12.46,légère pluie,2.8,93
11,2025-06-05 06:00:00,13.67,13.52,légère pluie,1.98,100
11,2025-06-05 09:00:00,18.91,18.24,couvert,4.23,0
11,2025-06-05 12:00:00,20.69,20.12,nuageux,6.37,0
11,2025-06-05 15:00:00,21.56,20.97,partiellement nuageux,5.52,0
11,2025-06-05 18:00:00,18.96,18.56,partiellement nuageux,2.44,0
11,2025-06-05 21:00:00,13.9,13.33,nuageux,1.93,0
11,2025-06-06 00:00:00,13.36,12.71,nuageux,2.52,0
11,2025-06-06 03:00:00,13.08,12.51,peu nuageux,2.78,0
11,2025-06-06 06:00:00,16.99,16.57,peu nuageux,3.29,0
11,2025-06-06 09:00:00,22.25,21.94,couvert,4.49,0
11,2025-06-06 12:00:00,25.42,25.17,couvert,5.61,0
11,2025-06-06 15:00:00,24.99,24.85,couvert,5.31,0
11,2025-06-06 18:00:00,21.17,21.17,légère pluie,4.6,20
11,2025-06-06 21:00:00,15.92,16.05,légère pluie,2.36,100
11,2025-06-07 00:00:00,14.68,14.71,légère pluie,2.26,100
11,2025-06-07 03:00:00,14.41,14.44,légère pluie,2.45,21
11,2025-06-07 06:00:00,17.87,18.11,peu nuageux,2.45,11
12,2025-06-02 09:00:00,17.68,17.96,légère pluie,0.93,100
12,2025-06-02 12:00:00,19.63,19.84,légère pluie,1.21,100
12,2025-06-02 15:00:00,21.17,21.3,légère pluie,0.4,92
12,2025-06-02 18:00:00,18.29,18.42,légère pluie,0.81,87
12,2025-06-02 21:00:00,14.9,14.87,légère pluie,1.14,96
12,2025-06-03 00:00:00,14.87,14.84,couvert,0.71,13
12,2025-06-03 03:00:00,13.09,12.94,nuageux,0.92,0
12,2025-06-03 06:00:00,15.51,15.52,couvert,0.62,0
12,2025-06-03 09:00:00,20.2,20.08,couvert,2.37,0
12,2025-06-03 12:00:00,20.9,21.11,légère pluie,3.26,93
12,2025-06-03 15:00:00,20.65,20.57,légère pluie,2.92,74
12,2025-06-03 18:00:00,18.62,18.65,couvert,2.87,55
12,2025-06-03 21:00:00,14.61,14.58,couvert,2.04,0
12,2025-06-04 00:00:00,14.01,13.97,légère pluie,1.48,20
12,2025-06-04 03:00:00,14.23,14.16,couvert,1.97,0
12,2025-06-04 06:00:00,15.05,15.14,légère pluie,1.92,100
12,2025-06-04 09:00:00,18.2,18.4,légère pluie,1.76,56
12,2025-06-04 12:00:00,20.83,20.93,légère pluie,0.79,100
12,2025-06-04 15:00:00,19.81,19.75,légère pluie,1.15,100
12,2025-06-04 18:00:00,15.64,15.66,légère pluie,2.92,100
12,2025-06-04 21:00:00,13.11,12.88,couvert,1.83,0
12,2025-06-05 00:00:00,11.66,11.26,couvert,2.11,0
12,2025-06-05 03:00:00,12.29,12.06,légère pluie,2.67,82
12,2025-06-05 06:00:00,13.36,13.21,légère pluie,2.03,93
12,2025-06-05 09:00:00,18.44,17.72,couvert,4.47,0
12,2025-06-05 12:00:00,20.42,19.82,nuageux,6.44,0
12,2025-06-05 15:00:00,21.1,20.47,partiellement nuageux,5.46,0
12,2025-06-05 18:00:00,18.59,18.12,partiellement nuageux,2.67,0
12,2025-06-05 21:00:00,13.57,12.97,nuageux,1.86,0
12,2025-06-06 00:00:00,13.26,12.57,nuageux,2.42,0
12,2025-06-06 03:00:00,12.9,12.28,peu nuageux,2.69,0
12,2025-06-06 06:00:00,16.69,16.24,peu nuageux,3.12,0
12,2025-06-06 09:00:00,21.9,21.56,couvert,4.61,0
12,2025-06-06 12:00:00,24.99,24.69,couvert,5.79,0
12,2025-06-06 15:00:00,24.76,24.6,couvert,5.46,0
12,2025-06-06 18:00:00,20.79,20.73,légère pluie,4.72,26
12,2025-06-06 21:00:00,15.71,15.82,légère pluie,2.3,100
12,2025-06-07 00:00:00,14.45,14.46,légère pluie,2.19,100
12,2025-06-07 03:00:00,14.17,14.18,ciel dégagé,2.39,17
12,2025-06-07 06:00:00,17.74,17.97,ciel dégagé,2.38,4
13,2025-06-02 09:00:00,17.33,17.65,légère pluie,2.5,100
13,2025-06-02 12:00:00,17.91,18.29,légère pluie,1.82,100
13,2025-06-02 15:00:00,19.31,19.78,légère pluie,0.89,98
13,2025-06-02 18:00:00,16.41,16.61,couvert,1.65,1
13,2025-06-02 21:00:00,13.49,13.4,couvert,0.96,0
13,2025-06-03 00:00:00,12.86,12.71,couvert,0.94,0
13,2025-06-03 03:00:00,13.19,13.07,nuageux,1.33,0
13,2025-06-03 06:00:00,15.24,15.27,couvert,0.26,0
13,2025-06-03 09:00:00,16.41,16.61,légère pluie,0.95,100
13,2025-06-03 12:00:00,19.92,20.11,légère pluie,3.63,100
13,2025-06-03 15:00:00,19.4,19.64,légère pluie,3.72,100
13,2025-06-03 18:00:00,17.82,18.11,légère pluie,1.89,100
13,2025-06-03 21:00:00,15.1,15.2,légère pluie,1.71,94
13,2025-06-04 00:00:00,13.81,13.73,légère pluie,0.9,100
13,2025-06-04 03:00:00,14.02,13.98,légère pluie,1.45,98
13,2025-06-04 06:00:00,15.73,15.84,légère pluie,0.6,100
13,2025-06-04 09:00:00,17.95,18.02,légère pluie,2.02,42
13,2025-06-04 12:00:00,16.63,16.75,légère pluie,3.64,48
13,2025-06-04 15:00:00,15.01,15.15,pluie modérée,1.89,100
13,2025-06-04 18:00:00,13.89,13.89,légère pluie,2.86,100
13,2025-06-04 21:00:00,12.47,12.31,nuageux,2.31,0
13,2025-06-05 00:00:00,12.97,12.8,couvert,1.96,0
13,2025-06-05 03:00:00,12.56,12.4,légère pluie,3.57,65
13,2025-06-05 06:00:00,13.11,12.98,légère pluie,3.63,28
13,2025-06-05 09:00:00,17.87,17.28,légère pluie,5.68,22
13,2025-06-05 12:00:00,20.96,20.36,légère pluie,5.87,27
13,2025-06-05 15:00:00,21.29,20.81,partiellement nuageux,5.21,0
13,2025-06-05 18:00:00,18.54,18.38,partiellement nuageux,1.35,0
13,2025-06-05 21:00:00,13.89,13.42,partiellement nuageux,2.13,0
13,2025-06-06 00:00:00,12.68,12.07,partiellement nuageux,1.56,0
13,2025-06-06 03:00:00,12.44,11.59,ciel dégagé,2.15,0
13,2025-06-06 06:00:00,16.57,16.19,peu nuageux,2.53,0
13,2025-06-06 09:00:00,21.41,21.09,couvert,4.97,0
13,2025-06-06 12:00:00,24.26,24.05,couvert,5.34,0
13,2025-06-06 15:00:00,24.48,24.42,couvert,3.54,0
13,2025-06-06 18:00:00,17.1,17.45,légère pluie,2.53,100
13,2025-06-06 21:00:00,16.28,16.55,pluie modérée,1.65,100
13,2025-06-07 00:00:00,14.8,14.87,légère pluie,1.93,100
13,2025-06-07 03:00:00,13.7,13.63,ciel dégagé,1.54,0
13,2025-06-07 06:00:00,16.5,16.74,légère pluie,2.35,97
14,2025-06-02 09:00:00,17.21,17.39,partiellement nuageux,2.13,0
14,2025-06-02 12:00:00,17.47,17.62,légère pluie,1.26,20
14,2025-06-02 15:00:00,18.45,18.6,légère pluie,2.15,100
14,2025-06-02 18:00:00,17.56,17.62,légère pluie,1.08,100
14,2025-06-02 21:00:00,13.29,13.16,couvert,1.81,0
14,2025-06-03 00:00:00,12.11,11.83,nuageux,0.93,0
14,2025-06-03 03:00:00,12.5,12.26,nuageux,0.81,0
14,2025-06-03 06:00:00,13.9,13.83,couvert,0.87,0
14,2025-06-03 09:00:00,18.35,18.46,légère pluie,3.02,51
14,2025-06-03 12:00:00,16.95,17.16,légère pluie,3.73,100
14,2025-06-03 15:00:00,18.5,18.73,pluie modérée,4.61,100
14,2025-06-03 18:00:00,18.32,18.58,légère pluie,3.47,100
14,2025-06-03 21:00:00,15.3,15.44,légère pluie,2.64,35
14,2025-06-04 00:00:00,14.73,14.79,légère pluie,1.86,64
14,2025-06-04 03:00:00,15.29,15.43,légère pluie,2.35,100
14,2025-06-04 06:00:00,15.29,15.46,légère pluie,1.89,100
14,2025-06-04 09:00:00,14.45,14.51,pluie modérée,1.61,100
14,2025-06-04 12:00:00,14.09,14.09,pluie modérée,1.52,100
14,2025-06-04 15:00:00,14.45,14.43,pluie modérée,3.97,100
14,2025-06-04 18:00:00,14.32,14.11,légère pluie,2.51,100
14,2025-06-04 21:00:00,11.34,11.04,partiellement nuageux,2.93,0
14,2025-06-05 00:00:00,12.96,12.79,légère pluie,3.3,24
14,2025-06-05 03:00:00,12.28,11.94,légère pluie,3.83,20
14,2025-06-05 06:00:00,12.52,12.26,couvert,3.31,0
14,2025-06-05 09:00:00,16.93,16.51,couvert,5.91,0
14,2025-06-05 12:00:00,19.4,19.04,couvert,4.06,0
14,2025-06-05 15:00:00,20.9,20.56,nuageux,4.19,0
14,2025-06-05 18:00:00,18.28,18.23,nuageux,3.02,0
14,2025-06-05 21:00:00,14.25,13.71,nuageux,2.3,0
14,2025-06-06 00:00:00,13.01,12.38,partiellement nuageux,1.77,0
14,2025-06-06 03:00:00,12.41,11.87,peu nuageux,2.25,0
14,2025-06-06 06:00:00,15.34,15.15,nuageux,3.43,0
14,2025-06-06 09:00:00,19.82,19.69,couvert,5.57,0
14,2025-06-06 12:00:00,23.54,23.59,couvert,5.53,0
14,2025-06-06 15:00:00,21.32,21.62,légère pluie,4.97,100
14,2025-06-06 18:00:00,18.34,18.58,légère pluie,2.89,100
14,2025-06-06 21:00:00,15.47,15.58,légère pluie,2.47,100
14,2025-06-07 00:00:00,14.32,14.29,peu nuageux,2.22,74
14,2025-06-07 03:00:00,13.69,13.62,ciel dégagé,2.7,0
14,2025-06-07 06:00:00,16.67,16.87,partiellement nuageux,2.38,0
15,2025-06-02 09:00:00,18.21,18.36,légère pluie,1.55,100
15,2025-06-02 12:00:00,19.61,19.87,légère pluie,1.74,100
15,2025-06-02 15:00:00,19.37,19.87,pluie modérée,2.21,100
15,2025-06-02 18:00:00,18.53,19.0,forte pluie,1.56,100
15,2025-06-02 21:00:00,15.08,15.2,pluie modérée,1.79,100
15,2025-06-03 00:00:00,14.69,14.75,légère pluie,0.96,100
15,2025-06-03 03:00:00,14.98,15.01,couvert,1.29,0
15,2025-06-03 06:00:00,16.73,16.86,couvert,0.4,0
15,2025-06-03 09:00:00,21.06,21.08,légère pluie,1.0,27
15,2025-06-03 12:00:00,22.02,22.05,légère pluie,0.36,61
15,2025-06-03 15:00:00,23.22,23.35,légère pluie,1.86,90
15,2025-06-03 18:00:00,18.14,18.46,légère pluie,1.31,100
15,2025-06-03 21:00:00,15.38,15.48,légère pluie,1.16,33
15,2025-06-04 00:00:00,14.28,14.27,nuageux,1.17,4
15,2025-06-04 03:00:00,13.47,13.35,nuageux,1.24,0
15,2025-06-04 06:00:00,16.47,16.57,nuageux,0.43,0
15,2025-06-04 09:00:00,21.12,20.98,couvert,1.81,0
15,2025-06-04 12:00:00,23.56,23.46,couvert,2.84,0
15,2025-06-04 15:00:00,18.25,18.64,pluie modérée,2.9,100
15,2025-06-04 18:00:00,17.18,17.46,pluie modérée,1.99,100
15,2025-06-04 21:00:00,15.28,15.45,pluie modérée,2.34,100
15,2025-06-05 00:00:00,14.33,14.4,pluie modérée,2.69,100
15,2025-06-05 03:00:00,13.61,13.61,légère pluie,1.96,100
15,2025-06-05 06:00:00,14.04,13.95,légère pluie,1.94,100
15,2025-06-05 09:00:00,16.83,16.55,légère pluie,2.31,100
15,2025-06-05 12:00:00,22.34,21.7,nuageux,2.45,79
15,2025-06-05 15:00:00,22.57,21.98,ciel dégagé,2.05,0
15,2025-06-05 18:00:00,19.08,18.92,ciel dégagé,1.03,0
15,2025-06-05 21:00:00,13.97,13.51,ciel dégagé,1.89,0
15,2025-06-06 00:00:00,12.95,12.47,ciel dégagé,1.91,0
15,2025-06-06 03:00:00,12.48,11.9,ciel dégagé,1.92,0
15,2025-06-06 06:00:00,16.8,16.34,ciel dégagé,1.21,0
15,2025-06-06 09:00:00,22.78,22.42,nuageux,1.81,0
15,2025-06-06 12:00:00,25.63,25.32,couvert,2.4,0
15,2025-06-06 15:00:00,25.88,25.75,couvert,1.75,0
15,2025-06-06 18:00:00,22.02,22.34,couvert,1.33,0
15,2025-06-06 21:00:00,17.9,18.17,légère pluie,0.99,100
15,2025-06-07 00:00:00,15.42,15.55,légère pluie,2.04,100
15,2025-06-07 03:00:00,14.55,14.59,légère pluie,1.89,56
15,2025-06-07 06:00:00,18.0,18.26,ciel dégagé,1.03,33
16,2025-06-02 09:00:00,19.09,19.38,légère pluie,0.87,100
16,2025-06-02 12:00:00,21.34,21.67,légère pluie,1.61,100
16,2025-06-02 15:00:00,21.15,21.59,légère pluie,1.19,100
16,2025-06-02 18:00:00,20.12,20.64,légère pluie,1.51,100
16,2025-06-02 21:00:00,17.43,17.71,légère pluie,1.6,79
16,2025-06-03 00:00:00,16.09,16.21,nuageux,1.57,23
16,2025-06-03 03:00:00,15.76,15.79,nuageux,1.72,0
16,2025-06-03 06:00:00,17.76,17.97,couvert,2.01,0
16,2025-06-03 09:00:00,26.0,26.0,nuageux,2.03,0
16,2025-06-03 12:00:00,26.17,26.17,couvert,1.28,0
16,2025-06-03 15:00:00,23.36,23.58,légère pluie,0.91,59
16,2025-06-03 18:00:00,22.24,22.61,légère pluie,0.85,86
16,2025-06-03 21:00:00,17.45,17.6,partiellement nuageux,1.51,0
16,2025-06-04 00:00:00,15.82,15.81,partiellement nuageux,1.43,0
16,2025-06-04 03:00:00,15.2,15.1,couvert,1.32,0
16,2025-06-04 06:00:00,18.26,18.36,couvert,0.75,0
16,2025-06-04 09:00:00,23.93,23.89,couvert,0.97,2
16,2025-06-04 12:00:00,23.9,24.07,couvert,2.28,0
16,2025-06-04 15:00:00,21.22,21.64,légère pluie,3.0,100
16,2025-06-04 18:00:00,18.19,18.47,légère pluie,2.03,100
16,2025-06-04 21:00:00,16.3,16.52,pluie modérée,1.7,100
16,2025-06-05 00:00:00,15.75,15.91,légère pluie,1.01,100
16,2025-06-05 03:00:00,15.58,15.78,pluie modérée,1.09,100
16,2025-06-05 06:00:00,16.11,16.26,pluie modérée,1.13,100
16,2025-06-05 09:00:00,19.69,19.46,légère pluie,0.42,89
16,2025-06-05 12:00:00,25.01,24.56,nuageux,1.43,20
16,2025-06-05 15:00:00,25.0,24.55,ciel dégagé,2.07,0
16,2025-06-05 18:00:00,21.46,21.44,peu nuageux,1.38,0
16,2025-06-05 21:00:00,15.75,15.47,ciel dégagé,1.62,0
16,2025-06-06 00:00:00,14.65,14.13,ciel dégagé,1.85,0
16,2025-06-06 03:00:00,13.95,13.33,ciel dégagé,1.68,0
16,2025-06-06 06:00:00,18.39,17.9,ciel dégagé,1.27,0
16,2025-06-06 09:00:00,25.17,24.92,nuageux,1.71,0
16,2025-06-06 12:00:00,29.06,28.41,nuageux,2.09,0
16,2025-06-06 15:00:00,28.93,28.54,couvert,1.97,0
16,2025-06-06 18:00:00,24.15,24.55,couvert,1.02,0
16,2025-06-06 21:00:00,17.96,18.29,légère pluie,0.19,92
16,2025-06-07 00:00:00,17.12,17.39,légère pluie,1.5,71
16,2025-06-07 03:00:00,16.66,16.86,peu nuageux,1.53,0
16,2025-06-07 06:00:00,19.89,20.26,peu nuageux,1.34,0
17,2025-06-02 09:00:00,18.17,18.55,légère pluie,0.64,100
17,2025-06-02 12:00:00,20.96,21.33,pluie modérée,0.39,100
17,2025-06-02 15:00:00,19.0,19.36,pluie modérée,2.91,100
17,2025-06-02 18:00:00,17.14,17.39,légère pluie,1.73,100
17,2025-06-02 21:00:00,16.4,16.63,légère pluie,0.54,64
17,2025-06-03 00:00:00,15.83,16.0,légère pluie,0.48,73
17,2025-06-03 03:00:00,15.27,15.41,légère pluie,0.82,30
17,2025-06-03 06:00:00,15.92,16.07,couvert,1.19,0
17,2025-06-03 09:00:00,20.24,20.36,couvert,1.48,0
17,2025-06-03 12:00:00,23.26,23.44,légère pluie,0.81,79
17,2025-06-03 15:00:00,18.8,19.19,pluie modérée,3.18,100
17,2025-06-03 18:00:00,18.3,18.64,légère pluie,1.84,100
17,2025-06-03 21:00:00,16.74,16.98,légère pluie,1.14,88
17,2025-06-04 00:00:00,15.53,15.65,nuageux,0.43,63
17,2025-06-04 03:00:00,15.22,15.3,couvert,0.37,0
17,2025-06-04 06:00:00,16.61,16.75,couvert,1.55,0
17,2025-06-04 09:00:00,21.55,21.43,couvert,4.86,0
17,2025-06-04 12:00:00,18.96,19.16,légère pluie,3.61,98
17,2025-06-04 15:00:00,18.87,19.16,pluie modérée,2.24,100
17,2025-06-04 18:00:00,16.09,16.34,pluie modérée,1.63,100
17,2025-06-04 21:00:00,15.96,16.17,pluie modérée,0.56,100
17,2025-06-05 00:00:00,15.06,15.08,légère pluie,1.6,100
17,2025-06-05 03:00:00,13.97,13.8,couvert,2.01,6
17,2025-06-05 06:00:00,15.58,15.47,couvert,0.89,10
17,2025-06-05 09:00:00,20.32,19.95,légère pluie,0.72,20
17,2025-06-05 12:00:00,23.78,23.31,nuageux,1.05,0
17,2025-06-05 15:00:00,23.83,23.39,partiellement nuageux,3.21,0
17,2025-06-05 18:00:00,21.55,21.41,partiellement nuageux,2.26,0
17,2025-06-05 21:00:00,17.9,17.57,ciel dégagé,2.01,0
17,2025-06-06 00:00:00,16.23,15.87,ciel dégagé,1.53,0
17,2025-06-06 03:00:00,14.92,14.56,peu nuageux,1.41,0
17,2025-06-06 06:00:00,17.39,17.09,partiellement nuageux,1.46,0
17,2025-06-06 09:00:00,22.28,22.08,couvert,2.19,0
17,2025-06-06 12:00:00,25.6,25.5,couvert,3.99,0
17,2025-06-06 15:00:00,23.67,23.66,couvert,2.46,0
17,2025-06-06 18:00:00,21.43,21.61,légère pluie,4.29,67
17,2025-06-06 21:00:00,17.74,18.08,pluie modérée,1.41,100
17,2025-06-07 00:00:00,16.53,16.8,pluie modérée,1.4,100
17,2025-06-07 03:00:00,15.33,15.43,légère pluie,1.18,45
17,2025-06-07 06:00:00,17.12,17.21,peu nuageux,1.66,22
19,2025-06-02 09:00:00,20.03,20.13,nuageux,3.43,0
19,2025-06-02 12:00:00,21.89,21.94,couvert,2.13,0
19,2025-06-02 15:00:00,22.13,22.12,couvert,2.72,0
19,2025-06-02 18:00:00,21.14,21.14,légère pluie,1.16,20
19,2025-06-02 21:00:00,18.32,18.4,nuageux,1.45,0
19,2025-06-03 00:00:00,18.26,18.31,partiellement nuageux,0.85,0
19,2025-06-03 03:00:00,17.76,17.78,ciel dégagé,1.7,0
19,2025-06-03 06:00:00,19.69,19.75,peu nuageux,3.32,0
19,2025-06-03 09:00:00,23.7,23.59,partiellement nuageux,4.87,0
19,2025-06-03 12:00:00,24.6,24.55,partiellement nuageux,5.86,0
19,2025-06-03 15:00:00,23.85,23.7,couvert,5.55,0
19,2025-06-03 18:00:00,21.08,21.05,couvert,5.92,0
19,2025-06-03 21:00:00,18.36,18.71,couvert,6.29,0
19,2025-06-04 00:00:00,18.74,19.05,couvert,6.89,0
19,2025-06-04 03:00:00,19.03,19.29,couvert,7.6,0
19,2025-06-04 06:00:00,19.81,20.04,nuageux,6.66,0
19,2025-06-04 09:00:00,20.56,20.76,légère pluie,5.05,20
19,2025-06-04 12:00:00,21.21,21.42,légère pluie,6.64,73
19,2025-06-04 15:00:00,19.6,19.73,légère pluie,3.2,100
19,2025-06-04 18:00:00,20.44,20.52,nuageux,1.71,80
19,2025-06-04 21:00:00,18.19,18.39,nuageux,1.4,0
19,2025-06-05 00:00:00,17.6,17.74,nuageux,0.42,0
19,2025-06-05 03:00:00,17.29,17.4,couvert,0.22,0
19,2025-06-05 06:00:00,19.01,19.08,légère pluie,1.6,56
19,2025-06-05 09:00:00,22.47,22.42,couvert,4.23,0
19,2025-06-05 12:00:00,25.23,25.06,couvert,5.68,0
19,2025-06-05 15:00:00,25.47,25.2,peu nuageux,7.63,0
19,2025-06-05 18:00:00,23.35,23.05,ciel dégagé,6.99,0
19,2025-06-05 21:00:00,19.92,19.61,ciel dégagé,4.58,0
19,2025-06-06 00:00:00,18.08,17.77,ciel dégagé,1.77,0
19,2025-06-06 03:00:00,17.31,17.03,peu nuageux,1.93,0
19,2025-06-06 06:00:00,19.85,19.8,ciel dégagé,1.76,0
19,2025-06-06 09:00:00,22.31,22.45,peu nuageux,3.65,0
19,2025-06-06 12:00:00,22.66,22.76,partiellement nuageux,2.97,0
19,2025-06-06 15:00:00,22.53,22.59,peu nuageux,3.39,0
19,2025-06-06 18:00:00,20.9,20.98,nuageux,1.25,0
19,2025-06-06 21:00:00,18.89,19.03,couvert,1.04,0
19,2025-06-07 00:00:00,18.59,18.54,nuageux,1.39,0
19,2025-06-07 03:00:00,18.34,18.24,ciel dégagé,1.03,0
19,2025-06-07 06:00:00,20.78,20.61,ciel dégagé,0.24,0
20,2025-06-02 09:00:00,21.61,21.65,couvert,1.01,0
20,2025-06-02 12:00:00,22.58,22.56,couvert,1.91,0
20,2025-06-02 15:00:00,22.23,22.31,couvert,3.29,0
20,2025-06-02 18:00:00,22.02,22.03,couvert,2.25,0
20,2025-06-02 21:00:00,20.95,20.98,couvert,1.46,0
20,2025-06-03 00:00:00,20.41,20.39,nuageux,2.1,0
20,2025-06-03 03:00:00,20.09,20.06,peu nuageux,3.24,0
20,2025-06-03 06:00:00,21.01,20.94,partiellement nuageux,3.43,0
20,2025-06-03 09:00:00,23.18,22.99,partiellement nuageux,5.39,0
20,2025-06-03 12:00:00,24.08,23.95,nuageux,7.62,0
20,2025-06-03 15:00:00,24.15,23.98,couvert,8.81,0
20,2025-06-03 18:00:00,23.78,23.44,couvert,6.62,0
20,2025-06-03 21:00:00,22.14,21.79,couvert,4.75,0
20,2025-06-04 00:00:00,20.62,20.49,couvert,6.94,0
20,2025-06-04 03:00:00,19.47,19.54,légère pluie,7.99,25
20,2025-06-04 06:00:00,19.97,20.14,couvert,6.91,0
20,2025-06-04 09:00:00,22.68,22.83,couvert,9.38,0
20,2025-06-04 12:00:00,23.06,23.12,couvert,7.22,0
20,2025-06-04 15:00:00,20.81,20.93,légère pluie,3.24,51
20,2025-06-04 18:00:00,20.31,20.46,légère pluie,3.74,40
20,2025-06-04 21:00:00,19.59,19.77,nuageux,3.01,27
20,2025-06-05 00:00:00,19.25,19.48,légère pluie,1.82,28
20,2025-06-05 03:00:00,18.76,18.96,légère pluie,0.41,91
20,2025-06-05 06:00:00,19.16,19.32,légère pluie,1.38,99
20,2025-06-05 09:00:00,21.61,21.63,couvert,4.79,0
20,2025-06-05 12:00:00,23.63,23.41,couvert,6.55,0
20,2025-06-05 15:00:00,23.03,22.77,ciel dégagé,6.39,0
20,2025-06-05 18:00:00,21.47,21.27,ciel dégagé,5.2,0
20,2025-06-05 21:00:00,20.66,20.53,ciel dégagé,3.75,0
20,2025-06-06 00:00:00,19.98,19.84,ciel dégagé,2.79,0
20,2025-06-06 03:00:00,19.51,19.34,peu nuageux,1.03,0
20,2025-06-06 06:00:00,20.24,20.04,peu nuageux,2.36,0
20,2025-06-06 09:00:00,21.32,21.34,peu nuageux,4.99,0
20,2025-06-06 12:00:00,21.85,21.89,peu nuageux,5.19,0
20,2025-06-06 15:00:00,21.62,21.69,partiellement nuageux,4.25,0
20,2025-06-06 18:00:00,21.25,21.21,nuageux,2.31,0
20,2025-06-06 21:00:00,20.61,20.5,couvert,1.15,0
20,2025-06-07 00:00:00,20.18,20.03,nuageux,0.29,0
20,2025-06-07 03:00:00,19.96,19.73,ciel dégagé,0.85,0
20,2025-06-07 06:00:00,20.77,20.5,ciel dégagé,1.73,0
21,2025-06-02 09:00:00,21.94,22.02,couvert,1.2,0
21,2025-06-02 12:00:00,23.15,23.19,couvert,2.44,0
21,2025-06-02 15:00:00,23.26,23.42,couvert,4.65,0
21,2025-06-02 18:00:00,22.76,22.87,couvert,2.12,0
21,2025-06-02 21:00:00,22.21,22.31,couvert,1.76,0
21,2025-06-03 00:00:00,21.67,21.72,nuageux,2.15,0
21,2025-06-03 03:00:00,21.13,21.18,partiellement nuageux,3.2,0
21,2025-06-03 06:00:00,21.32,21.36,nuageux,2.97,0
21,2025-06-03 09:00:00,23.15,23.06,nuageux,5.06,0
21,2025-06-03 12:00:00,23.71,23.68,nuageux,7.56,0
21,2025-06-03 15:00:00,24.11,24.04,couvert,9.21,0
21,2025-06-03 18:00:00,24.07,23.84,couvert,6.43,0
21,2025-06-03 21:00:00,23.13,22.91,nuageux,3.78,0
21,2025-06-04 00:00:00,22.02,21.9,couvert,5.34,0
21,2025-06-04 03:00:00,20.9,20.95,couvert,6.36,0
21,2025-06-04 06:00:00,20.88,21.03,couvert,7.11,0
21,2025-06-04 09:00:00,23.01,23.22,couvert,10.32,0
21,2025-06-04 12:00:00,23.16,23.31,couvert,8.41,0
21,2025-06-04 15:00:00,21.06,21.26,légère pluie,4.12,44
21,2025-06-04 18:00:00,20.72,20.96,légère pluie,4.05,49
21,2025-06-04 21:00:00,20.4,20.72,légère pluie,3.18,78
21,2025-06-05 00:00:00,20.14,20.48,légère pluie,2.47,63
21,2025-06-05 03:00:00,19.36,19.68,légère pluie,0.63,100
21,2025-06-05 06:00:00,19.78,19.98,légère pluie,1.7,100
21,2025-06-05 09:00:00,21.92,22.02,couvert,4.75,0
21,2025-06-05 12:00:00,24.02,23.78,couvert,5.65,0
21,2025-06-05 15:00:00,23.9,23.7,ciel dégagé,6.01,0
21,2025-06-05 18:00:00,22.66,22.52,ciel dégagé,5.3,0
21,2025-06-05 21:00:00,21.73,21.68,ciel dégagé,4.07,0
21,2025-06-06 00:00:00,20.99,20.95,ciel dégagé,2.36,0
21,2025-06-06 03:00:00,20.54,20.53,partiellement nuageux,0.53,0
21,2025-06-06 06:00:00,20.9,20.85,peu nuageux,2.4,0
21,2025-06-06 09:00:00,21.65,21.7,peu nuageux,5.12,0
21,2025-06-06 12:00:00,22.16,22.23,partiellement nuageux,5.45,0
21,2025-06-06 15:00:00,22.15,22.22,partiellement nuageux,4.49,0
21,2025-06-06 18:00:00,21.94,21.94,nuageux,2.96,0
21,2025-06-06 21:00:00,21.79,21.75,couvert,1.51,0
21,2025-06-07 00:00:00,21.22,21.17,nuageux,0.31,0
21,2025-06-07 03:00:00,20.95,20.82,ciel dégagé,0.88,0
21,2025-06-07 06:00:00,21.36,21.17,ciel dégagé,2.0,0
22,2025-06-02 09:00:00,20.97,20.82,couvert,1.09,0
22,2025-06-02 12:00:00,23.94,23.7,couvert,3.06,0
22,2025-06-02 15:00:00,26.24,26.24,couvert,4.55,0
22,2025-06-02 18:00:00,23.81,23.53,couvert,1.25,0
22,2025-06-02 21:00:00,23.7,23.61,couvert,1.04,0
22,2025-06-03 00:00:00,21.89,21.81,couvert,0.56,0
22,2025-06-03 03:00:00,20.27,20.21,partiellement nuageux,2.05,0
22,2025-06-03 06:00:00,21.54,21.42,nuageux,1.7,0
22,2025-06-03 09:00:00,27.62,26.67,couvert,2.73,0
22,2025-06-03 12:00:00,29.94,28.26,couvert,5.33,0
22,2025-06-03 15:00:00,30.03,28.33,couvert,6.4,0
22,2025-06-03 18:00:00,27.0,26.31,couvert,3.81,0
22,2025-06-03 21:00:00,22.82,22.38,nuageux,2.78,0
22,2025-06-04 00:00:00,20.74,20.44,nuageux,2.08,0
22,2025-06-04 03:00:00,19.51,19.34,couvert,2.31,2
22,2025-06-04 06:00:00,20.26,20.25,couvert,4.06,0
22,2025-06-04 09:00:00,24.28,24.28,couvert,6.51,0
22,2025-06-04 12:00:00,25.48,25.26,couvert,6.03,0
22,2025-06-04 15:00:00,22.76,22.68,couvert,6.53,40
22,2025-06-04 18:00:00,21.48,21.43,légère pluie,4.22,83
22,2025-06-04 21:00:00,19.76,19.88,légère pluie,1.03,100
22,2025-06-05 00:00:00,18.7,18.85,légère pluie,0.84,100
22,2025-06-05 03:00:00,18.06,18.17,légère pluie,0.86,62
22,2025-06-05 06:00:00,18.75,18.87,légère pluie,0.85,100
22,2025-06-05 09:00:00,22.67,22.56,couvert,3.54,0
22,2025-06-05 12:00:00,25.51,25.0,couvert,5.69,0
22,2025-06-05 15:00:00,27.02,26.51,peu nuageux,5.7,0
22,2025-06-05 18:00:00,25.3,24.88,ciel dégagé,5.03,0
22,2025-06-05 21:00:00,22.04,21.68,ciel dégagé,3.18,0
22,2025-06-06 00:00:00,20.3,20.0,ciel dégagé,1.35,0
22,2025-06-06 03:00:00,19.22,18.92,peu nuageux,1.29,0
22,2025-06-06 06:00:00,20.76,20.41,peu nuageux,1.63,0
22,2025-06-06 09:00:00,25.85,25.56,partiellement nuageux,2.97,0
22,2025-06-06 12:00:00,27.56,27.18,partiellement nuageux,4.98,0
22,2025-06-06 15:00:00,26.41,26.41,nuageux,5.12,0
22,2025-06-06 18:00:00,24.22,23.9,nuageux,2.44,0
22,2025-06-06 21:00:00,22.3,21.97,couvert,0.85,0
22,2025-06-07 00:00:00,20.96,20.65,nuageux,0.73,0
22,2025-06-07 03:00:00,19.66,19.3,peu nuageux,1.56,0
22,2025-06-07 06:00:00,21.58,21.2,ciel dégagé,1.05,0
23,2025-06-02 09:00:00,20.95,21.19,couvert,1.84,0
23,2025-06-02 12:00:00,24.41,24.55,couvert,3.73,0
23,2025-06-02 15:00:00,26.25,26.25,couvert,4.26,0
23,2025-06-02 18:00:00,23.83,23.57,couvert,2.35,0
23,2025-06-02 21:00:00,21.47,21.13,couvert,1.41,0
23,2025-06-03 00:00:00,19.57,19.2,couvert,1.11,0
23,2025-06-03 03:00:00,18.32,18.09,nuageux,1.79,0
23,2025-06-03 06:00:00,20.67,20.57,nuageux,0.83,0
23,2025-06-03 09:00:00,27.05,27.06,nuageux,2.88,0
23,2025-06-03 12:00:00,30.38,28.83,couvert,6.02,0
23,2025-06-03 15:00:00,28.95,27.72,couvert,6.64,0
23,2025-06-03 18:00:00,25.34,24.95,nuageux,4.53,0
23,2025-06-03 21:00:00,19.11,18.88,peu nuageux,1.58,0
23,2025-06-04 00:00:00,17.98,17.79,partiellement nuageux,0.92,0
23,2025-06-04 03:00:00,17.47,17.26,légère pluie,1.12,36
23,2025-06-04 06:00:00,19.49,19.32,légère pluie,1.71,28
23,2025-06-04 09:00:00,24.19,24.26,légère pluie,4.61,31
23,2025-06-04 12:00:00,26.28,26.28,couvert,8.59,33
23,2025-06-04 15:00:00,24.24,24.34,légère pluie,8.69,100
23,2025-06-04 18:00:00,21.19,21.3,légère pluie,5.91,100
23,2025-06-04 21:00:00,17.53,17.69,légère pluie,2.55,97
23,2025-06-05 00:00:00,17.76,17.92,légère pluie,1.19,89
23,2025-06-05 03:00:00,16.83,17.02,légère pluie,1.42,77
23,2025-06-05 06:00:00,18.38,18.57,légère pluie,2.19,64
23,2025-06-05 09:00:00,21.17,20.99,couvert,3.61,0
23,2025-06-05 12:00:00,25.29,24.87,couvert,3.12,0
23,2025-06-05 15:00:00,27.52,26.99,partiellement nuageux,2.68,0
23,2025-06-05 18:00:00,26.34,26.34,partiellement nuageux,1.15,0
23,2025-06-05 21:00:00,19.52,19.25,ciel dégagé,1.99,0
23,2025-06-06 00:00:00,17.68,17.46,ciel dégagé,0.53,0
23,2025-06-06 03:00:00,16.87,16.65,peu nuageux,1.24,0
23,2025-06-06 06:00:00,19.6,19.29,peu nuageux,1.54,0
23,2025-06-06 09:00:00,25.98,25.98,partiellement nuageux,1.53,0
23,2025-06-06 12:00:00,30.01,29.18,partiellement nuageux,5.32,0
23,2025-06-06 15:00:00,28.18,27.75,couvert,5.96,0
23,2025-06-06 18:00:00,24.68,24.51,couvert,4.27,0
23,2025-06-06 21:00:00,19.77,19.55,couvert,1.84,0
23,2025-06-07 00:00:00,18.34,18.19,nuageux,0.94,0
23,2025-06-07 03:00:00,16.91,16.95,légère pluie,1.19,98
23,2025-06-07 06:00:00,19.64,19.59,ciel dégagé,0.68,6
24,2025-06-02 09:00:00,20.03,20.2,couvert,1.91,0
24,2025-06-02 12:00:00,22.53,22.54,couvert,3.19,0
24,2025-06-02 15:00:00,22.74,22.58,couvert,2.01,0
24,2025-06-02 18:00:00,21.83,21.71,couvert,0.64,0
24,2025-06-02 21:00:00,19.32,19.03,couvert,1.69,0
24,2025-06-03 00:00:00,18.12,17.79,couvert,1.45,0
24,2025-06-03 03:00:00,17.22,17.06,couvert,2.04,0
24,2025-06-03 06:00:00,19.81,19.75,nuageux,1.37,0
24,2025-06-03 09:00:00,25.39,25.32,nuageux,3.57,0
24,2025-06-03 12:00:00,28.42,27.52,nuageux,5.87,0
24,2025-06-03 15:00:00,27.36,26.92,nuageux,6.54,0
24,2025-06-03 18:00:00,23.61,23.36,nuageux,3.64,0
24,2025-06-03 21:00:00,17.99,17.75,ciel dégagé,2.2,0
24,2025-06-04 00:00:00,16.65,16.51,partiellement nuageux,1.67,0
24,2025-06-04 03:00:00,15.83,15.64,nuageux,1.2,0
24,2025-06-04 06:00:00,18.7,18.58,légère pluie,1.84,20
24,2025-06-04 09:00:00,21.3,21.47,légère pluie,3.16,37
24,2025-06-04 12:00:00,23.79,24.1,légère pluie,7.05,100
24,2025-06-04 15:00:00,21.39,21.57,pluie modérée,6.66,100
24,2025-06-04 18:00:00,20.39,20.57,pluie modérée,4.65,100
24,2025-06-04 21:00:00,16.38,16.55,pluie modérée,2.8,100
24,2025-06-05 00:00:00,16.23,16.39,légère pluie,1.23,100
24,2025-06-05 03:00:00,16.32,16.46,légère pluie,1.79,20
24,2025-06-05 06:00:00,17.59,17.57,couvert,1.95,0
24,2025-06-05 09:00:00,19.5,19.36,couvert,2.34,0
24,2025-06-05 12:00:00,24.57,24.15,couvert,2.55,0
24,2025-06-05 15:00:00,26.51,26.51,partiellement nuageux,3.44,0
24,2025-06-05 18:00:00,25.06,24.95,partiellement nuageux,1.79,0
24,2025-06-05 21:00:00,18.88,18.57,ciel dégagé,2.26,0
24,2025-06-06 00:00:00,17.28,16.92,ciel dégagé,2.28,0
24,2025-06-06 03:00:00,15.83,15.48,partiellement nuageux,1.65,0
24,2025-06-06 06:00:00,18.98,18.71,partiellement nuageux,1.31,0
24,2025-06-06 09:00:00,24.7,24.53,partiellement nuageux,1.84,0
24,2025-06-06 12:00:00,28.63,28.16,nuageux,4.06,0
24,2025-06-06 15:00:00,26.67,26.82,couvert,5.81,0
24,2025-06-06 18:00:00,22.7,22.59,couvert,4.05,0
24,2025-06-06 21:00:00,18.35,18.15,couvert,1.69,0
24,2025-06-07 00:00:00,16.98,16.87,légère pluie,0.55,20
24,2025-06-07 03:00:00,16.29,16.17,légère pluie,1.06,25
24,2025-06-07 06:00:00,18.96,18.84,ciel dégagé,0.26,0
25,2025-06-02 09:00:00,20.49,20.81,couvert,0.97,0
25,2025-06-02 12:00:00,23.53,23.58,couvert,4.15,0
25,2025-06-02 15:00:00,24.03,23.82,couvert,2.98,0
25,2025-06-02 18:00:00,23.29,23.11,couvert,1.84,0
25,2025-06-02 21:00:00,20.88,20.62,couvert,2.54,0
25,2025-06-03 00:00:00,19.41,19.13,couvert,1.72,0
25,2025-06-03 03:00:00,18.3,17.96,nuageux,2.06,0
25,2025-06-03 06:00:00,20.37,20.13,nuageux,1.91,0
25,2025-06-03 09:00:00,26.51,26.51,couvert,3.62,0
25,2025-06-03 12:00:00,28.96,27.78,couvert,5.86,0
25,2025-06-03 15:00:00,27.4,26.81,couvert,6.06,0
25,2025-06-03 18:00:00,23.93,23.71,nuageux,3.74,0
25,2025-06-03 21:00:00,19.16,19.06,ciel dégagé,2.47,0
25,2025-06-04 00:00:00,18.11,18.09,partiellement nuageux,1.77,0
25,2025-06-04 03:00:00,17.32,17.38,légère pluie,0.52,35
25,2025-06-04 06:00:00,18.56,18.48,légère pluie,1.93,23
25,2025-06-04 09:00:00,21.62,21.98,légère pluie,6.02,65
25,2025-06-04 12:00:00,24.4,24.67,légère pluie,6.38,100
25,2025-06-04 15:00:00,23.01,23.17,pluie modérée,7.19,100
25,2025-06-04 18:00:00,21.55,21.64,légère pluie,4.69,100
25,2025-06-04 21:00:00,17.49,17.62,légère pluie,2.86,79
25,2025-06-05 00:00:00,17.4,17.52,légère pluie,1.46,69
25,2025-06-05 03:00:00,16.91,17.06,couvert,1.94,0
25,2025-06-05 06:00:00,18.7,18.58,couvert,2.54,0
25,2025-06-05 09:00:00,22.5,22.16,couvert,4.09,0
25,2025-06-05 12:00:00,24.2,23.72,couvert,2.13,0
25,2025-06-05 15:00:00,28.15,27.31,peu nuageux,2.83,0
25,2025-06-05 18:00:00,25.63,25.42,peu nuageux,4.84,0
25,2025-06-05 21:00:00,20.83,20.51,ciel dégagé,4.02,0
25,2025-06-06 00:00:00,19.05,18.68,peu nuageux,2.09,0
25,2025-06-06 03:00:00,17.3,16.94,partiellement nuageux,2.25,0
25,2025-06-06 06:00:00,19.85,19.59,partiellement nuageux,1.98,0
25,2025-06-06 09:00:00,25.75,25.58,partiellement nuageux,1.79,0
25,2025-06-06 12:00:00,29.57,28.65,partiellement nuageux,5.38,0
25,2025-06-06 15:00:00,26.73,26.76,couvert,5.36,0
25,2025-06-06 18:00:00,23.33,23.13,couvert,3.99,0
25,2025-06-06 21:00:00,19.32,19.14,couvert,1.35,0
25,2025-06-07 00:00:00,17.9,17.86,légère pluie,0.47,20
25,2025-06-07 03:00:00,17.2,17.2,légère pluie,1.66,51
25,2025-06-07 06:00:00,19.51,19.42,ciel dégagé,1.1,0
26,2025-06-02 09:00:00,20.69,21.11,partiellement nuageux,3.49,0
26,2025-06-02 12:00:00,22.8,22.96,nuageux,2.2,0
26,2025-06-02 15:00:00,24.26,24.18,couvert,4.34,0
26,2025-06-02 18:00:00,23.65,23.61,couvert,3.05,0
26,2025-06-02 21:00:00,21.09,21.06,couvert,2.05,0
26,2025-06-03 00:00:00,20.33,20.22,couvert,2.13,0
26,2025-06-03 03:00:00,19.38,19.25,nuageux,1.74,0
26,2025-06-03 06:00:00,20.08,19.89,nuageux,3.41,0
26,2025-06-03 09:00:00,22.13,22.12,nuageux,4.1,0
26,2025-06-03 12:00:00,22.72,22.67,couvert,4.42,0
26,2025-06-03 15:00:00,22.22,22.25,couvert,3.99,0
26,2025-06-03 18:00:00,21.08,21.23,nuageux,2.98,0
26,2025-06-03 21:00:00,19.78,19.98,partiellement nuageux,1.36,0
26,2025-06-04 00:00:00,19.5,19.75,nuageux,1.56,0
26,2025-06-04 03:00:00,18.92,19.14,couvert,5.46,0
26,2025-06-04 06:00:00,19.49,19.77,légère pluie,5.82,66
26,2025-06-04 09:00:00,20.16,20.66,légère pluie,4.83,94
26,2025-06-04 12:00:00,21.3,21.57,légère pluie,3.28,88
26,2025-06-04 15:00:00,21.51,21.7,légère pluie,7.04,80
26,2025-06-04 18:00:00,20.96,21.07,partiellement nuageux,4.52,64
26,2025-06-04 21:00:00,19.64,19.77,couvert,3.97,0
26,2025-06-05 00:00:00,19.11,19.14,couvert,2.89,0
26,2025-06-05 03:00:00,17.88,17.94,couvert,3.79,0
26,2025-06-05 06:00:00,19.42,19.25,couvert,2.91,0
26,2025-06-05 09:00:00,22.65,22.35,nuageux,2.86,0
26,2025-06-05 12:00:00,24.12,23.81,nuageux,3.43,0
26,2025-06-05 15:00:00,24.66,24.54,ciel dégagé,5.94,0
26,2025-06-05 18:00:00,22.24,22.22,ciel dégagé,7.49,0
26,2025-06-05 21:00:00,20.88,20.9,ciel dégagé,5.91,0
26,2025-06-06 00:00:00,20.3,20.27,peu nuageux,2.84,0
26,2025-06-06 03:00:00,19.06,18.82,partiellement nuageux,2.79,0
26,2025-06-06 06:00:00,19.85,19.61,partiellement nuageux,2.47,0
26,2025-06-06 09:00:00,23.12,22.98,partiellement nuageux,2.29,0
26,2025-06-06 12:00:00,22.88,22.79,partiellement nuageux,4.82,0
26,2025-06-06 15:00:00,22.39,22.41,couvert,4.6,0
26,2025-06-06 18:00:00,21.49,21.52,couvert,3.45,0
26,2025-06-06 21:00:00,20.14,20.22,couvert,1.38,0
26,2025-06-07 00:00:00,19.33,19.41,légère pluie,2.34,20
26,2025-06-07 03:00:00,18.26,18.28,légère pluie,2.94,20
26,2025-06-07 06:00:00,19.43,19.39,ciel dégagé,2.59,0
27,2025-06-02 09:00:00,20.34,20.57,couvert,1.62,0
27,2025-06-02 12:00:00,21.77,21.93,couvert,2.62,0
27,2025-06-02 15:00:00,23.76,23.78,couvert,5.27,0
27,2025-06-02 18:00:00,22.89,22.91,couvert,2.81,0
27,2025-06-02 21:00:00,20.9,20.9,couvert,3.6,0
27,2025-06-03 00:00:00,20.29,20.28,couvert,1.49,0
27,2025-06-03 03:00:00,19.86,19.81,nuageux,2.02,0
27,2025-06-03 06:00:00,20.24,20.3,nuageux,2.57,0
27,2025-06-03 09:00:00,21.46,21.46,nuageux,4.75,0
27,2025-06-03 12:00:00,21.65,21.7,couvert,5.19,0
27,2025-06-03 15:00:00,21.52,21.63,couvert,5.35,0
27,2025-06-03 18:00:00,20.65,20.86,couvert,4.46,0
27,2025-06-03 21:00:00,19.73,19.98,nuageux,3.2,0
27,2025-06-04 00:00:00,20.44,20.76,nuageux,7.41,0
27,2025-06-04 03:00:00,18.69,18.89,légère pluie,5.99,35
27,2025-06-04 06:00:00,19.91,20.25,légère pluie,8.75,35
27,2025-06-04 09:00:00,19.79,20.31,légère pluie,8.3,20
27,2025-06-04 12:00:00,20.15,20.54,légère pluie,4.23,26
27,2025-06-04 15:00:00,19.88,20.09,légère pluie,7.15,44
27,2025-06-04 18:00:00,19.12,19.31,légère pluie,4.74,38
27,2025-06-04 21:00:00,19.14,19.33,légère pluie,3.85,39
27,2025-06-05 00:00:00,19.65,19.81,couvert,2.87,18
27,2025-06-05 03:00:00,18.6,18.71,couvert,2.57,0
27,2025-06-05 06:00:00,19.04,19.09,couvert,4.43,0
27,2025-06-05 09:00:00,21.92,21.71,couvert,3.83,0
27,2025-06-05 12:00:00,23.76,23.58,nuageux,3.51,0
27,2025-06-05 15:00:00,23.09,22.97,partiellement nuageux,6.25,0
27,2025-06-05 18:00:00,21.44,21.47,peu nuageux,6.28,0
27,2025-06-05 21:00:00,20.48,20.57,ciel dégagé,6.49,0
27,2025-06-06 00:00:00,19.89,20.05,peu nuageux,4.11,0
27,2025-06-06 03:00:00,19.21,19.04,nuageux,3.1,0
27,2025-06-06 06:00:00,19.36,19.23,nuageux,2.52,0
27,2025-06-06 09:00:00,21.82,21.73,partiellement nuageux,2.74,0
27,2025-06-06 12:00:00,21.42,21.42,partiellement nuageux,4.85,0
27,2025-06-06 15:00:00,21.25,21.36,couvert,4.78,0
27,2025-06-06 18:00:00,20.85,20.92,couvert,3.93,0
27,2025-06-06 21:00:00,20.14,20.25,couvert,2.19,0
27,2025-06-07 00:00:00,19.96,20.02,nuageux,2.57,0
27,2025-06-07 03:00:00,19.24,19.23,ciel dégagé,2.17,0
27,2025-06-07 06:00:00,20.03,19.99,ciel dégagé,2.16,0
28,2025-06-02 09:00:00,21.09,21.42,couvert,2.33,0
28,2025-06-02 12:00:00,23.71,23.91,couvert,2.85,0
28,2025-06-02 15:00:00,21.93,22.08,légère pluie,2.09,100
28,2025-06-02 18:00:00,21.46,21.59,légère pluie,0.92,100
28,2025-06-02 21:00:00,18.01,18.14,couvert,1.3,26
28,2025-06-03 00:00:00,18.59,18.65,couvert,2.23,5
28,2025-06-03 03:00:00,18.63,18.61,couvert,1.71,0
28,2025-06-03 06:00:00,19.44,19.5,nuageux,1.68,0
28,2025-06-03 09:00:00,23.42,23.38,nuageux,2.3,0
28,2025-06-03 12:00:00,24.66,24.59,couvert,3.1,0
28,2025-06-03 15:00:00,24.13,24.11,couvert,3.33,0
28,2025-06-03 18:00:00,21.17,21.25,couvert,2.48,0
28,2025-06-03 21:00:00,18.75,19.0,couvert,2.15,0
28,2025-06-04 00:00:00,18.57,18.83,couvert,2.74,0
28,2025-06-04 03:00:00,18.01,18.24,couvert,2.17,0
28,2025-06-04 06:00:00,19.64,19.77,légère pluie,0.51,20
28,2025-06-04 09:00:00,23.89,23.95,couvert,1.62,0
28,2025-06-04 12:00:00,20.52,20.74,légère pluie,0.19,100
28,2025-06-04 15:00:00,17.76,17.94,pluie modérée,1.97,100
28,2025-06-04 18:00:00,19.52,19.72,légère pluie,1.76,100
28,2025-06-04 21:00:00,19.17,19.28,couvert,1.88,0
28,2025-06-05 00:00:00,18.92,18.93,couvert,1.85,0
28,2025-06-05 03:00:00,18.76,18.73,couvert,2.5,0
28,2025-06-05 06:00:00,18.87,18.77,couvert,4.09,0
28,2025-06-05 09:00:00,20.37,20.13,couvert,2.88,0
28,2025-06-05 12:00:00,24.66,24.51,couvert,2.08,0
28,2025-06-05 15:00:00,22.27,22.09,nuageux,2.76,0
28,2025-06-05 18:00:00,21.96,21.83,nuageux,2.33,0
28,2025-06-05 21:00:00,20.03,19.84,nuageux,2.06,0
28,2025-06-06 00:00:00,19.06,18.98,nuageux,1.98,0
28,2025-06-06 03:00:00,18.77,18.71,nuageux,1.39,0
28,2025-06-06 06:00:00,20.84,20.86,nuageux,1.63,0
28,2025-06-06 09:00:00,24.87,24.87,ciel dégagé,2.84,0
28,2025-06-06 12:00:00,28.15,28.53,peu nuageux,5.86,0
28,2025-06-06 15:00:00,27.85,28.55,couvert,5.81,0
28,2025-06-06 18:00:00,24.6,24.89,couvert,1.62,0
28,2025-06-06 21:00:00,19.88,20.33,couvert,3.5,0
28,2025-06-07 00:00:00,19.33,19.72,nuageux,2.46,0
28,2025-06-07 03:00:00,18.66,19.01,ciel dégagé,2.15,0
28,2025-06-07 06:00:00,20.38,20.69,ciel dégagé,1.08,0
29,2025-06-02 09:00:00,19.16,19.53,légère pluie,2.96,83
29,2025-06-02 12:00:00,18.84,19.16,légère pluie,1.86,98
29,2025-06-02 15:00:00,20.63,20.71,légère pluie,3.96,100
29,2025-06-02 18:00:00,24.53,24.79,couvert,1.33,80
29,2025-06-02 21:00:00,17.42,17.65,légère pluie,1.39,89
29,2025-06-03 00:00:00,17.58,17.72,légère pluie,2.71,66
29,2025-06-03 03:00:00,16.2,16.3,légère pluie,0.77,92
29,2025-06-03 06:00:00,17.72,17.82,couvert,1.59,56
29,2025-06-03 09:00:00,23.44,23.33,peu nuageux,3.22,0
29,2025-06-03 12:00:00,27.46,27.27,légère pluie,4.02,20
29,2025-06-03 15:00:00,27.74,27.26,légère pluie,4.15,36
29,2025-06-03 18:00:00,24.7,24.71,légère pluie,1.65,34
29,2025-06-03 21:00:00,19.37,19.48,nuageux,0.21,0
29,2025-06-04 00:00:00,18.72,18.87,légère pluie,0.33,20
29,2025-06-04 03:00:00,16.84,17.09,légère pluie,3.94,100
29,2025-06-04 06:00:00,15.62,15.69,légère pluie,2.78,100
29,2025-06-04 09:00:00,16.97,16.94,légère pluie,4.32,33
29,2025-06-04 12:00:00,16.45,16.5,légère pluie,3.09,100
29,2025-06-04 15:00:00,21.47,21.32,légère pluie,4.32,76
29,2025-06-04 18:00:00,19.24,19.1,couvert,3.8,38
29,2025-06-04 21:00:00,16.6,16.56,couvert,1.84,0
29,2025-06-05 00:00:00,16.81,16.74,couvert,2.47,0
29,2025-06-05 03:00:00,15.36,15.25,couvert,3.02,0
29,2025-06-05 06:00:00,16.01,15.81,couvert,3.86,0
29,2025-06-05 09:00:00,19.43,18.97,couvert,4.05,0
29,2025-06-05 12:00:00,24.03,23.72,nuageux,3.94,0
29,2025-06-05 15:00:00,25.37,25.14,peu nuageux,4.23,0
29,2025-06-05 18:00:00,23.01,22.78,peu nuageux,3.53,0
29,2025-06-05 21:00:00,18.26,18.02,partiellement nuageux,0.87,0
29,2025-06-06 00:00:00,17.4,17.18,nuageux,0.46,0
29,2025-06-06 03:00:00,16.94,16.7,nuageux,0.92,0
29,2025-06-06 06:00:00,19.79,19.55,partiellement nuageux,2.58,0
29,2025-06-06 09:00:00,25.28,25.17,partiellement nuageux,6.3,0
29,2025-06-06 12:00:00,27.46,27.33,nuageux,6.93,0
29,2025-06-06 15:00:00,27.12,27.41,couvert,6.84,0
29,2025-06-06 18:00:00,22.9,23.02,légère pluie,4.9,20
29,2025-06-06 21:00:00,18.41,18.66,légère pluie,2.69,61
29,2025-06-07 00:00:00,17.19,17.39,peu nuageux,2.54,35
29,2025-06-07 03:00:00,16.44,16.62,ciel dégagé,2.37,0
29,2025-06-07 06:00:00,18.47,18.59,ciel dégagé,3.11,0
30,2025-06-02 09:00:00,18.2,18.37,légère pluie,1.15,100
30,2025-06-02 12:00:00,18.42,18.75,pluie modérée,2.45,100
30,2025-06-02 15:00:00,20.94,20.71,légère pluie,0.81,79
30,2025-06-02 18:00:00,22.28,23.02,légère pluie,0.68,100
30,2025-06-02 21:00:00,17.49,17.78,légère pluie,3.18,100
30,2025-06-03 00:00:00,16.66,16.73,légère pluie,3.6,100
30,2025-06-03 03:00:00,16.08,16.04,couvert,2.56,0
30,2025-06-03 06:00:00,18.03,18.0,nuageux,1.66,0
30,2025-06-03 09:00:00,23.13,23.04,partiellement nuageux,0.76,0
30,2025-06-03 12:00:00,24.16,24.38,légère pluie,2.55,24
30,2025-06-03 15:00:00,20.88,21.37,légère pluie,2.95,99
30,2025-06-03 18:00:00,19.23,19.77,légère pluie,2.0,98
30,2025-06-03 21:00:00,17.89,18.29,légère pluie,0.1,99
30,2025-06-04 00:00:00,17.03,17.35,légère pluie,0.27,100
30,2025-06-04 03:00:00,15.62,15.8,légère pluie,0.72,100
30,2025-06-04 06:00:00,16.36,16.56,légère pluie,0.27,98
30,2025-06-04 09:00:00,17.24,17.4,légère pluie,1.78,100
30,2025-06-04 12:00:00,16.89,17.06,légère pluie,1.44,100
30,2025-06-04 15:00:00,18.23,18.3,légère pluie,2.38,80
30,2025-06-04 18:00:00,16.17,16.38,légère pluie,1.3,70
30,2025-06-04 21:00:00,15.58,15.75,légère pluie,0.66,31
30,2025-06-05 00:00:00,15.09,15.14,couvert,1.16,0
30,2025-06-05 03:00:00,13.97,13.96,couvert,0.4,0
30,2025-06-05 06:00:00,15.03,15.07,couvert,0.78,0
30,2025-06-05 09:00:00,19.65,19.58,couvert,2.05,0
30,2025-06-05 12:00:00,20.0,19.99,légère pluie,1.76,20
30,2025-06-05 15:00:00,21.96,21.96,légère pluie,2.09,20
30,2025-06-05 18:00:00,19.59,19.8,légère pluie,1.44,20
30,2025-06-05 21:00:00,16.37,16.46,partiellement nuageux,2.19,0
30,2025-06-06 00:00:00,16.26,16.11,nuageux,3.32,0
30,2025-06-06 03:00:00,16.2,15.96,nuageux,3.23,0
30,2025-06-06 06:00:00,19.42,19.3,partiellement nuageux,2.64,0
30,2025-06-06 09:00:00,26.26,26.26,peu nuageux,0.81,0
30,2025-06-06 12:00:00,28.72,28.5,nuageux,0.46,0
30,2025-06-06 15:00:00,26.94,27.74,couvert,2.17,0
30,2025-06-06 18:00:00,22.24,22.87,légère pluie,1.0,100
30,2025-06-06 21:00:00,18.51,18.77,légère pluie,2.65,90
30,2025-06-07 00:00:00,18.0,18.15,peu nuageux,3.08,70
30,2025-06-07 03:00:00,17.53,17.58,ciel dégagé,3.22,0
30,2025-06-07 06:00:00,20.2,20.36,ciel dégagé,1.81,0
31,2025-06-02 09:00:00,17.52,17.73,légère pluie,1.62,100
31,2025-06-02 12:00:00,17.55,17.61,légère pluie,1.52,100
31,2025-06-02 15:00:00,18.3,18.2,légère pluie,1.8,50
31,2025-06-02 18:00:00,20.95,21.58,légère pluie,1.99,100
31,2025-06-02 21:00:00,16.91,17.16,couvert,1.7,2
31,2025-06-03 00:00:00,15.83,15.98,couvert,1.69,0
31,2025-06-03 03:00:00,15.63,15.78,légère pluie,0.61,79
31,2025-06-03 06:00:00,16.8,16.96,couvert,0.94,33
31,2025-06-03 09:00:00,21.84,21.91,nuageux,1.55,0
31,2025-06-03 12:00:00,22.23,22.28,nuageux,2.67,0
31,2025-06-03 15:00:00,23.68,23.75,légère pluie,3.07,37
31,2025-06-03 18:00:00,22.95,23.1,nuageux,2.86,0
31,2025-06-03 21:00:00,19.06,19.27,légère pluie,2.47,97
31,2025-06-04 00:00:00,16.71,16.86,légère pluie,4.3,100
31,2025-06-04 03:00:00,14.92,14.95,pluie modérée,4.36,100
31,2025-06-04 06:00:00,14.47,14.43,légère pluie,3.09,100
31,2025-06-04 09:00:00,15.15,15.02,couvert,3.11,0
31,2025-06-04 12:00:00,18.26,18.1,légère pluie,3.02,34
31,2025-06-04 15:00:00,18.38,18.13,légère pluie,1.28,20
31,2025-06-04 18:00:00,19.03,18.87,couvert,1.1,0
31,2025-06-04 21:00:00,17.44,17.28,couvert,3.27,0
31,2025-06-05 00:00:00,15.12,14.93,couvert,2.61,0
31,2025-06-05 03:00:00,13.59,13.38,couvert,2.48,0
31,2025-06-05 06:00:00,14.85,14.56,couvert,2.26,0
31,2025-06-05 09:00:00,16.33,16.0,couvert,1.31,0
31,2025-06-05 12:00:00,21.56,21.1,couvert,1.23,0
31,2025-06-05 15:00:00,23.9,23.57,ciel dégagé,2.68,0
31,2025-06-05 18:00:00,22.84,22.75,peu nuageux,1.68,0
31,2025-06-05 21:00:00,18.55,18.39,partiellement nuageux,2.12,0
31,2025-06-06 00:00:00,16.56,16.33,partiellement nuageux,2.08,0
31,2025-06-06 03:00:00,15.67,15.46,couvert,1.86,0
31,2025-06-06 06:00:00,17.57,17.37,couvert,1.84,0
31,2025-06-06 09:00:00,23.24,23.16,couvert,3.65,0
31,2025-06-06 12:00:00,27.66,27.85,couvert,4.84,0
31,2025-06-06 15:00:00,28.42,28.28,couvert,3.29,0
31,2025-06-06 18:00:00,23.57,23.68,légère pluie,3.92,20
31,2025-06-06 21:00:00,18.66,18.91,légère pluie,3.2,54
31,2025-06-07 00:00:00,17.55,17.76,peu nuageux,3.05,54
31,2025-06-07 03:00:00,16.56,16.8,légère pluie,2.02,78
31,2025-06-07 06:00:00,17.9,18.17,légère pluie,1.99,100
32,2025-06-02 09:00:00,17.55,17.76,légère pluie,1.42,34
32,2025-06-02 12:00:00,18.06,18.06,couvert,0.43,0
32,2025-06-02 15:00:00,18.35,18.38,légère pluie,2.12,97
32,2025-06-02 18:00:00,19.49,19.87,légère pluie,1.69,100
32,2025-06-02 21:00:00,16.58,16.75,couvert,0.39,0
32,2025-06-03 00:00:00,15.5,15.61,couvert,1.73,0
32,2025-06-03 03:00:00,15.06,15.1,couvert,1.18,0
32,2025-06-03 06:00:00,16.68,16.78,couvert,1.44,0
32,2025-06-03 09:00:00,20.1,20.23,légère pluie,1.89,20
32,2025-06-03 12:00:00,23.59,23.65,légère pluie,2.15,20
32,2025-06-03 15:00:00,23.65,23.79,légère pluie,3.22,21
32,2025-06-03 18:00:00,22.22,22.38,nuageux,3.46,0
32,2025-06-03 21:00:00,17.45,17.6,légère pluie,2.46,100
32,2025-06-04 00:00:00,16.03,16.09,légère pluie,3.87,100
32,2025-06-04 03:00:00,14.46,14.42,légère pluie,3.58,100
32,2025-06-04 06:00:00,13.85,13.77,pluie modérée,3.91,100
32,2025-06-04 09:00:00,14.95,14.72,couvert,2.19,0
32,2025-06-04 12:00:00,17.44,17.25,légère pluie,2.89,20
32,2025-06-04 15:00:00,18.27,18.06,légère pluie,0.37,20
32,2025-06-04 18:00:00,18.97,18.93,couvert,1.88,0
32,2025-06-04 21:00:00,16.24,16.14,légère pluie,0.98,20
32,2025-06-05 00:00:00,14.52,14.38,couvert,2.15,0
32,2025-06-05 03:00:00,14.66,14.4,couvert,1.54,0
32,2025-06-05 06:00:00,14.3,14.08,couvert,2.25,0
32,2025-06-05 09:00:00,16.7,16.51,couvert,2.23,0
32,2025-06-05 12:00:00,20.9,20.59,nuageux,2.44,0
32,2025-06-05 15:00:00,23.19,23.08,partiellement nuageux,2.9,0
32,2025-06-05 18:00:00,22.27,22.33,nuageux,1.67,0
32,2025-06-05 21:00:00,17.6,17.43,ciel dégagé,2.34,0
32,2025-06-06 00:00:00,15.95,15.77,peu nuageux,2.44,0
32,2025-06-06 03:00:00,14.89,14.73,nuageux,2.05,0
32,2025-06-06 06:00:00,17.22,17.09,nuageux,1.35,0
32,2025-06-06 09:00:00,22.45,22.37,couvert,1.83,0
32,2025-06-06 12:00:00,26.48,26.48,couvert,1.41,0
32,2025-06-06 15:00:00,28.16,28.82,couvert,2.36,0
32,2025-06-06 18:00:00,25.88,26.33,légère pluie,1.59,20
32,2025-06-06 21:00:00,18.98,19.26,légère pluie,3.22,90
32,2025-06-07 00:00:00,17.35,17.57,légère pluie,1.75,97
32,2025-06-07 03:00:00,16.2,16.36,légère pluie,2.24,35
32,2025-06-07 06:00:00,17.76,18.02,légère pluie,2.86,89
33,2025-06-02 09:00:00,16.09,16.29,légère pluie,1.39,100
33,2025-06-02 12:00:00,16.49,16.68,légère pluie,0.3,100
33,2025-06-02 15:00:00,16.32,16.46,légère pluie,1.37,100
33,2025-06-02 18:00:00,16.54,16.7,légère pluie,1.83,100
33,2025-06-02 21:00:00,16.32,16.46,légère pluie,1.76,21
33,2025-06-03 00:00:00,16.29,16.43,légère pluie,1.36,20
33,2025-06-03 03:00:00,16.21,16.37,légère pluie,1.41,100
33,2025-06-03 06:00:00,16.54,16.7,légère pluie,1.27,80
33,2025-06-03 09:00:00,16.9,17.05,légère pluie,2.37,20
33,2025-06-03 12:00:00,17.02,17.05,légère pluie,3.14,25
33,2025-06-03 15:00:00,16.75,16.78,légère pluie,2.93,49
33,2025-06-03 18:00:00,16.41,16.35,légère pluie,3.42,52
33,2025-06-03 21:00:00,16.22,16.09,légère pluie,2.71,20
33,2025-06-04 00:00:00,15.86,15.75,légère pluie,1.93,20
33,2025-06-04 03:00:00,15.76,15.66,légère pluie,2.18,20
33,2025-06-04 06:00:00,15.95,15.79,légère pluie,2.72,20
33,2025-06-04 09:00:00,17.24,17.03,légère pluie,3.51,20
33,2025-06-04 12:00:00,18.54,17.99,couvert,2.85,0
33,2025-06-04 15:00:00,18.02,17.81,couvert,4.01,0
33,2025-06-04 18:00:00,17.8,17.67,couvert,2.05,0
33,2025-06-04 21:00:00,16.66,16.55,couvert,2.7,0
33,2025-06-05 00:00:00,16.59,16.45,couvert,2.78,0
33,2025-06-05 03:00:00,16.34,16.09,couvert,2.98,0
33,2025-06-05 06:00:00,16.69,16.35,couvert,2.22,0
33,2025-06-05 09:00:00,19.17,18.71,partiellement nuageux,1.2,0
33,2025-06-05 12:00:00,19.65,19.21,peu nuageux,2.54,0
33,2025-06-05 15:00:00,19.58,19.21,ciel dégagé,2.91,0
33,2025-06-05 18:00:00,19.14,18.91,peu nuageux,2.1,0
33,2025-06-05 21:00:00,17.58,17.43,peu nuageux,0.25,0
33,2025-06-06 00:00:00,16.2,15.96,peu nuageux,1.99,0
33,2025-06-06 03:00:00,15.62,15.4,nuageux,1.98,0
33,2025-06-06 06:00:00,16.43,16.24,nuageux,1.03,0
33,2025-06-06 09:00:00,19.65,19.52,couvert,1.65,0
33,2025-06-06 12:00:00,19.79,19.68,nuageux,4.3,0
33,2025-06-06 15:00:00,20.43,20.49,légère pluie,3.52,59
33,2025-06-06 18:00:00,19.74,19.86,légère pluie,3.42,41
33,2025-06-06 21:00:00,17.83,18.07,ciel dégagé,0.66,0
33,2025-06-07 00:00:00,16.87,17.01,ciel dégagé,0.81,0
33,2025-06-07 03:00:00,15.96,16.01,peu nuageux,1.34,0
33,2025-06-07 06:00:00,16.61,16.65,peu nuageux,0.73,0
34,2025-06-02 09:00:00,15.5,15.66,légère pluie,1.12,100
34,2025-06-02 12:00:00,15.48,15.59,légère pluie,0.51,100
34,2025-06-02 15:00:00,15.88,16.03,légère pluie,1.38,100
34,2025-06-02 18:00:00,15.34,15.41,légère pluie,1.37,100
34,2025-06-02 21:00:00,16.07,16.24,légère pluie,1.23,28
34,2025-06-03 00:00:00,15.99,16.15,légère pluie,1.11,20
34,2025-06-03 03:00:00,15.96,16.12,légère pluie,0.99,100
34,2025-06-03 06:00:00,16.44,16.65,légère pluie,1.05,100
34,2025-06-03 09:00:00,16.98,17.16,légère pluie,1.99,20
34,2025-06-03 12:00:00,17.02,17.1,légère pluie,2.66,20
34,2025-06-03 15:00:00,16.55,16.61,légère pluie,2.59,39
34,2025-06-03 18:00:00,16.08,16.07,légère pluie,3.01,45
34,2025-06-03 21:00:00,15.72,15.65,légère pluie,2.3,20
34,2025-06-04 00:00:00,15.39,15.31,légère pluie,1.69,20
34,2025-06-04 03:00:00,15.3,15.24,légère pluie,1.77,20
34,2025-06-04 06:00:00,15.45,15.35,légère pluie,2.04,20
34,2025-06-04 09:00:00,17.49,17.33,légère pluie,3.27,20
34,2025-06-04 12:00:00,19.3,18.75,couvert,3.24,0
34,2025-06-04 15:00:00,18.5,18.29,couvert,4.12,0
34,2025-06-04 18:00:00,17.81,17.68,couvert,2.15,0
34,2025-06-04 21:00:00,16.0,15.9,couvert,2.3,0
34,2025-06-05 00:00:00,16.01,15.86,couvert,2.32,0
34,2025-06-05 03:00:00,15.87,15.63,couvert,2.33,0
34,2025-06-05 06:00:00,16.21,15.87,couvert,1.81,0
34,2025-06-05 09:00:00,19.84,19.39,partiellement nuageux,1.37,0
34,2025-06-05 12:00:00,20.52,20.12,peu nuageux,2.66,0
34,2025-06-05 15:00:00,20.23,19.88,ciel dégagé,2.75,0
34,2025-06-05 18:00:00,19.38,19.2,peu nuageux,2.35,0
34,2025-06-05 21:00:00,16.74,16.58,peu nuageux,0.04,0
34,2025-06-06 00:00:00,15.29,15.04,peu nuageux,1.72,0
34,2025-06-06 03:00:00,14.93,14.72,nuageux,1.74,0
34,2025-06-06 06:00:00,16.2,16.04,nuageux,0.99,0
34,2025-06-06 09:00:00,20.76,20.67,couvert,1.47,0
34,2025-06-06 12:00:00,20.93,20.88,nuageux,4.25,0
34,2025-06-06 15:00:00,21.21,21.27,légère pluie,3.04,79
34,2025-06-06 18:00:00,19.85,19.98,légère pluie,3.14,61
34,2025-06-06 21:00:00,17.2,17.43,ciel dégagé,0.6,7
34,2025-06-07 00:00:00,16.13,16.25,ciel dégagé,0.6,0
34,2025-06-07 03:00:00,15.2,15.26,partiellement nuageux,1.17,0
34,2025-06-07 06:00:00,16.27,16.33,peu nuageux,0.48,0
35,2025-06-02 09:00:00,14.62,14.3,nuageux,2.09,0
35,2025-06-02 12:00:00,16.84,16.49,partiellement nuageux,4.83,0
35,2025-06-02 15:00:00,19.21,18.96,ciel dégagé,5.2,0
35,2025-06-02 18:00:00,18.27,17.98,ciel dégagé,4.22,0
35,2025-06-02 21:00:00,16.11,15.58,couvert,4.55,0
35,2025-06-03 00:00:00,15.06,14.42,couvert,3.02,0
35,2025-06-03 03:00:00,13.67,13.1,couvert,2.08,0
35,2025-06-03 06:00:00,15.08,14.6,nuageux,2.43,0
35,2025-06-03 09:00:00,16.91,16.41,nuageux,4.37,0
35,2025-06-03 12:00:00,17.24,16.74,nuageux,5.18,0
35,2025-06-03 15:00:00,17.25,16.75,peu nuageux,5.96,0
35,2025-06-03 18:00:00,16.76,16.27,ciel dégagé,5.35,0
35,2025-06-03 21:00:00,15.61,15.16,ciel dégagé,4.84,0
35,2025-06-04 00:00:00,15.5,15.06,peu nuageux,4.99,0
35,2025-06-04 03:00:00,16.0,15.74,nuageux,5.69,0
35,2025-06-04 06:00:00,16.89,16.78,légère pluie,7.64,59
35,2025-06-04 09:00:00,16.69,16.48,légère pluie,5.36,100
35,2025-06-04 12:00:00,17.26,16.95,couvert,6.31,80
35,2025-06-04 15:00:00,16.84,16.28,couvert,6.98,0
35,2025-06-04 18:00:00,16.77,16.38,couvert,7.27,0
35,2025-06-04 21:00:00,16.83,16.53,légère pluie,7.71,24
35,2025-06-05 00:00:00,16.82,16.49,légère pluie,9.48,28
35,2025-06-05 03:00:00,16.45,16.08,légère pluie,7.99,20
35,2025-06-05 06:00:00,16.7,16.25,légère pluie,7.41,20
35,2025-06-05 09:00:00,17.5,17.21,nuageux,6.03,0
35,2025-06-05 12:00:00,18.59,18.49,nuageux,7.93,0
35,2025-06-05 15:00:00,17.84,17.93,légère pluie,8.95,100
35,2025-06-05 18:00:00,18.52,18.54,légère pluie,8.36,85
35,2025-06-05 21:00:00,17.89,17.98,partiellement nuageux,7.56,0
35,2025-06-06 00:00:00,17.94,18.06,partiellement nuageux,8.9,0
35,2025-06-06 03:00:00,17.77,17.87,nuageux,7.62,0
35,2025-06-06 06:00:00,18.13,18.19,nuageux,7.6,0
35,2025-06-06 09:00:00,19.05,19.13,nuageux,7.95,0
35,2025-06-06 12:00:00,19.4,19.46,nuageux,7.28,0
35,2025-06-06 15:00:00,18.87,18.93,couvert,7.31,0
35,2025-06-06 18:00:00,18.36,18.52,nuageux,6.48,0
35,2025-06-06 21:00:00,17.41,17.58,peu nuageux,5.0,0
35,2025-06-07 00:00:00,17.82,17.82,nuageux,6.31,0
35,2025-06-07 03:00:00,17.42,17.46,nuageux,7.13,0
35,2025-06-07 06:00:00,17.93,17.95,légère pluie,7.9,20
